cambridge_id,cambridge_choice,hds_question,hds_choice,confidence,note
241,"[æ] as in ""ant""",1,"[æ] as in ""ant""",medium,verbatim HDS re-run; phonetic item with real but subtler geography; some variants fall on secondary colours.
241,"[ɑ] as in ""ah""",1,"[ɑ] as in ""ah""",medium,verbatim HDS re-run; phonetic item with real but subtler geography; some variants fall on secondary colours.
241,"I use [ɑ/ɒ] when referring to the general concept of an aunt, but [æ] when referring to a specific person by name.",1,"I use [ɑ/ɔ] when referring to the general concept of an aunt, but [æ] when referring to a specific person by name.",medium,verbatim HDS re-run; phonetic item with real but subtler geography; some variants fall on secondary colours.
241,"[ɒ] as in ""caught""",1,"[ɔ] as in ""caught""",medium,verbatim HDS re-run; phonetic item with real but subtler geography; some variants fall on secondary colours.
241,"I have the same vowel in ""ah"", ""caught"", and ""aunt""",1,"I have the same vowel in ""ah"", ""caught"", and ""aunt""",medium,verbatim HDS re-run; phonetic item with real but subtler geography; some variants fall on secondary colours.
241,"I use [æ] when referring to the general concept of an aunt, but [ɑ/ɒ] when referring to a specific person by name.",1,"I use [ɑ/ɔ] when referring to the general concept of an aunt, but [æ] when referring to a specific person by name.",medium,verbatim HDS re-run; phonetic item with real but subtler geography; some variants fall on secondary colours.
242,"[ɪ] as in ""sit""",2,"[ɪ] as in ""sit""",medium,"verbatim HDS re-run, single-select; weak/near-uniform geography or answers on hard (secondary/black) colours."
242,"[ɛ] as in ""set""",2,"[ɛ] as in ""set""",medium,"verbatim HDS re-run, single-select; weak/near-uniform geography or answers on hard (secondary/black) colours."
242,"[i:] as in ""see""",2,"[i:] as in ""see""",medium,"verbatim HDS re-run, single-select; weak/near-uniform geography or answers on hard (secondary/black) colours."
243,"[o:] as in ""Bo""",3,"[o:] as in ""Bo""",medium,"verbatim HDS re-run, single-select; weak/near-uniform geography or answers on hard (secondary/black) colours."
243,"[u:] as in ""boo""",3,"[u:] as in ""boo""",medium,"verbatim HDS re-run, single-select; weak/near-uniform geography or answers on hard (secondary/black) colours."
243,"I have seen this word in print, but have no idea how to pronounce it",3,"I have seen this word in print, but have no idea how to pronounce it",medium,"verbatim HDS re-run, single-select; weak/near-uniform geography or answers on hard (secondary/black) colours."
243,I have never seen or heard this word,3,I have never seen or heard this word,medium,"verbatim HDS re-run, single-select; weak/near-uniform geography or answers on hard (secondary/black) colours."
244,"with 2 syllables (""car-ml"")",4,"with 2 syllables (""car-ml"")",medium,"verbatim HDS re-run, single-select; weak/near-uniform geography or answers on hard (secondary/black) colours."
244,"with 3 syllables (""carra-mel"")",4,"with 3 syllables (""carra-mel"")",medium,"verbatim HDS re-run, single-select; weak/near-uniform geography or answers on hard (secondary/black) colours."
244,I use both interchangeably,4,I use both interchangeably,medium,"verbatim HDS re-run, single-select; weak/near-uniform geography or answers on hard (secondary/black) colours."
244,"I have both forms, but the two have different meanings (please state how in the comments box)",4,"I have both forms, but the two have different meanings (please state how in the comments box)",medium,"verbatim HDS re-run, single-select; weak/near-uniform geography or answers on hard (secondary/black) colours."
245,"[ɪ] as in ""sit""",5,"[ɪ] as in ""sit""",medium,"verbatim HDS re-run, single-select; weak/near-uniform geography or answers on hard (secondary/black) colours."
245,"[i:] as in ""see""",5,"[i:] as in ""see""",medium,"verbatim HDS re-run, single-select; weak/near-uniform geography or answers on hard (secondary/black) colours."
246,"[ɑ] as in ""car"" (""sen-tar"")",6,"[ɑ] as in ""car"" (""sen-tar"")",medium,"verbatim HDS re-run, single-select; weak/near-uniform geography or answers on hard (secondary/black) colours."
246,"rhymes with ""sore"" and ""more"" (""sen-tore"")",6,"rhymes with ""sore"" and ""more"" (""sen-tore"")",medium,"verbatim HDS re-run, single-select; weak/near-uniform geography or answers on hard (secondary/black) colours."
246,"[ɒ] as in ""caught""",6,"[ɔ] as in ""caught""",medium,"verbatim HDS re-run, single-select; weak/near-uniform geography or answers on hard (secondary/black) colours."
246,"I use the same vowel in ""car"", ""caught"", and ""centaur""",6,"I use the same vowel in ""car"", ""caught"", and ""centaur""",medium,"verbatim HDS re-run, single-select; weak/near-uniform geography or answers on hard (secondary/black) colours."
247,"with [u:] as in ""coop"" (""coopon"")",7,"with [u:] as in ""coop"" (""coopon"")",medium,"verbatim HDS re-run, single-select; weak/near-uniform geography or answers on hard (secondary/black) colours."
247,"with [ju:] as in ""cute"" (""cyoopon"")",7,"with [ju:] as in ""cute"" (""cyoopon"")",medium,"verbatim HDS re-run, single-select; weak/near-uniform geography or answers on hard (secondary/black) colours."
248,"[e:] as in ""say""",8,"[e:] as in ""say""",medium,"verbatim HDS re-run, single-select; weak/near-uniform geography or answers on hard (secondary/black) colours."
248,"[ɛ] as in ""set""",8,"[ɛ] as in ""set""",medium,"verbatim HDS re-run, single-select; weak/near-uniform geography or answers on hard (secondary/black) colours."
248,"I say something in between the vowels in ""set"" and ""say"", but closer to the one in ""say""",8,"I say something in between the vowels in ""set"" and ""say"", but closer to the one in ""say""",medium,"verbatim HDS re-run, single-select; weak/near-uniform geography or answers on hard (secondary/black) colours."
248,"I say something in between the vowels in ""set"" and ""say"", but closer to the one in ""set""",8,"I say something in between the vowels in ""set"" and ""say"", but closer to the one in ""set""",medium,"verbatim HDS re-run, single-select; weak/near-uniform geography or answers on hard (secondary/black) colours."
249,"[ejɑ] (2 syllables, ""cray-ahn"")",9,"[ejɑ] (2 syllables, ""cray-ahn"")",medium,"verbatim HDS re-run, single-select; weak/near-uniform geography or answers on hard (secondary/black) colours."
249,"[ejɒ] (2 syllables, ""cray-awn"", where the second syllable rhymes with ""dawn"")",9,"[ejɑ] (2 syllables, ""cray-ahn"")",medium,"verbatim HDS re-run, single-select; weak/near-uniform geography or answers on hard (secondary/black) colours."
249,"[æ] as in ""man"" (1 syllable, ""cran"")",9,"[æ] as in ""man"" (1 syllable, ""cran"")",medium,"verbatim HDS re-run, single-select; weak/near-uniform geography or answers on hard (secondary/black) colours."
249,"[aw] (I pronounce this the same as ""crown"")",9,"[aw] (I pronounce this the same as ""crown"")",medium,"verbatim HDS re-run, single-select; weak/near-uniform geography or answers on hard (secondary/black) colours."
250,"[i:] as in ""see""",10,"[i:] as in ""see""",medium,verbatim HDS re-run; phonetic item with real but subtler geography; some variants fall on secondary colours.
250,I use both interchangeably,10,I use both interchangeably,medium,verbatim HDS re-run; phonetic item with real but subtler geography; some variants fall on secondary colours.
250,"[ɪ] as in ""sit""",10,"[ɪ] as in ""sit""",medium,verbatim HDS re-run; phonetic item with real but subtler geography; some variants fall on secondary colours.
250,"I use both, but they mean two different things (please state how they differ in the comments box)",10,"I use both, but they mean two different things (please state how they differ in the comments box)",medium,verbatim HDS re-run; phonetic item with real but subtler geography; some variants fall on secondary colours.
251,"[ɑ] as in ""ah"" (""flah-ri-da"")",11,"[ɑ] as in ""ah"" (""flah-ri-da"")",medium,"verbatim HDS re-run, single-select; weak/near-uniform geography or answers on hard (secondary/black) colours."
251,"[ɒ] as in ""saw"" (""flaw-ri-da"")",11,"[ɔ] as in ""saw"" (""flaw-ri-da"")",medium,"verbatim HDS re-run, single-select; weak/near-uniform geography or answers on hard (secondary/black) colours."
251,"[o:] as in ""flow"" (""flow-ri-da"")",11,"[o:] as in ""flow"" (""flow-ri-da"")",medium,"verbatim HDS re-run, single-select; weak/near-uniform geography or answers on hard (secondary/black) colours."
252,"[ə] as in ""bird"" (""flurr-ish"")",12,"[ə] as in ""bird"" (""flurr-ish"")",medium,"verbatim HDS re-run, single-select; weak/near-uniform geography or answers on hard (secondary/black) colours."
253,"[ɪ] as in ""sit""",13,"[ɪ] as in ""sit""",medium,"verbatim HDS re-run, single-select; weak/near-uniform geography or answers on hard (secondary/black) colours."
253,"[i:] as in ""see""",13,"[i:] as in ""see""",medium,"verbatim HDS re-run, single-select; weak/near-uniform geography or answers on hard (secondary/black) colours."
254,"with [ɔj] as in ""boy"" (""loyer"")",14,"with [[backwardsc]j] as in ""boy"" (""loyer"")",medium,"verbatim HDS re-run, single-select; weak/near-uniform geography or answers on hard (secondary/black) colours."
254,"with [ɒ] as in ""saw"" (""law-yer"")",14,"with [ɔ] as in ""saw"" (""law-yer"")",medium,"verbatim HDS re-run, single-select; weak/near-uniform geography or answers on hard (secondary/black) colours."
254,I use both interchangeably,14,I use both interchangeably,medium,"verbatim HDS re-run, single-select; weak/near-uniform geography or answers on hard (secondary/black) colours."
255,all 3 are the same,15,all 3 are the same,medium,verbatim HDS re-run; phonetic item with real but subtler geography; some variants fall on secondary colours.
255,Mary and marry are the same; merry is different,15,Mary and marry are the same; merry is different,medium,verbatim HDS re-run; phonetic item with real but subtler geography; some variants fall on secondary colours.
255,all 3 are different,15,all 3 are different,medium,verbatim HDS re-run; phonetic item with real but subtler geography; some variants fall on secondary colours.
255,Mary and merry are the same; marry is different,15,Mary and merry are the same; marry is different,medium,verbatim HDS re-run; phonetic item with real but subtler geography; some variants fall on secondary colours.
256,"with [ejə] (3 syllables--""may-uh-naze"")",16,"with [ejə] (3 syllables--""may-uh-naze"")",medium,"verbatim HDS re-run, single-select; weak/near-uniform geography or answers on hard (secondary/black) colours."
256,"with [æ] as in ""man"" (2 syllables--""man-aze"")",16,"with [æ] as in ""man"" (2 syllables--""man-aze"")",medium,"verbatim HDS re-run, single-select; weak/near-uniform geography or answers on hard (secondary/black) colours."
256,I use both interchangeably,16,I use both interchangeably,medium,"verbatim HDS re-run, single-select; weak/near-uniform geography or answers on hard (secondary/black) colours."
257,"[i:] as in ""near""",17,"[i:] as in ""near""",medium,"verbatim HDS re-run, single-select; weak/near-uniform geography or answers on hard (secondary/black) colours."
257,"[ɪ] as in ""knit""",17,"[ɪ] as in ""knit""",medium,"verbatim HDS re-run, single-select; weak/near-uniform geography or answers on hard (secondary/black) colours."
257,I say something in between [ɪ] and [ɛ],17,I say something in between [ɪ] and [ɛ],medium,"verbatim HDS re-run, single-select; weak/near-uniform geography or answers on hard (secondary/black) colours."
257,"[ɛ] as in ""net""",17,"[ɛ] as in ""net""",medium,"verbatim HDS re-run, single-select; weak/near-uniform geography or answers on hard (secondary/black) colours."
258,mischievous (3 syllables),18,mischievous (3 syllables),medium,"verbatim HDS re-run, single-select; weak/near-uniform geography or answers on hard (secondary/black) colours."
258,mischievious (4 syllables),18,mischievious (4 syllables),medium,"verbatim HDS re-run, single-select; weak/near-uniform geography or answers on hard (secondary/black) colours."
258,I use both,18,I use both,medium,"verbatim HDS re-run, single-select; weak/near-uniform geography or answers on hard (secondary/black) colours."
258,"I write ""mischievous"" but say ""mischievious""",18,"I write ""mischievous"" but say ""mischievious""",medium,"verbatim HDS re-run, single-select; weak/near-uniform geography or answers on hard (secondary/black) colours."
259,"[e:] as in ""say""",19,"[e:] as in ""say""",medium,"verbatim HDS re-run, single-select; weak/near-uniform geography or answers on hard (secondary/black) colours."
259,"I use [e:] with the words in isolation, but [i:] in compounds (such as ""Sunday school"")",19,"I use [e:] with the words in isolation, but [i:] in compounds (such as ""Sunday school"")",medium,"verbatim HDS re-run, single-select; weak/near-uniform geography or answers on hard (secondary/black) colours."
259,"[i:] as in ""see""",19,"[i:] as in ""see""",medium,"verbatim HDS re-run, single-select; weak/near-uniform geography or answers on hard (secondary/black) colours."
260,"[ɑ] as in ""father""",20,"[ɑ] as in ""father""",medium,verbatim HDS re-run; phonetic item with real but subtler geography; some variants fall on secondary colours.
260,"[æ] as in ""jam""",20,"[æ] as in ""jam""",medium,verbatim HDS re-run; phonetic item with real but subtler geography; some variants fall on secondary colours.
261,"[pi:kɑn] with stress on the second syllable (""pee-KAHN"")",21,"[pi:kæn] with stress on the second syllable (""pee-CAN"")",medium,verbatim HDS re-run; phonetic item with real but subtler geography; some variants fall on secondary colours.
261,"[pɪkɑn] (""pick Ahn"")",21,"[pɪkæn] (""pick Ann"")",medium,verbatim HDS re-run; phonetic item with real but subtler geography; some variants fall on secondary colours.
261,"[pi:kæn] with stress on the first syllable (""PEE-can"")",21,"[pi:kæn] with stress on the first syllable (""PEE-can"")",medium,verbatim HDS re-run; phonetic item with real but subtler geography; some variants fall on secondary colours.
261,"[pi:kɑn] with stress on the first syllable (""PEE-Kahn"")",21,"[pi:kæn] with stress on the first syllable (""PEE-can"")",medium,verbatim HDS re-run; phonetic item with real but subtler geography; some variants fall on secondary colours.
261,"[pi:kæn] with stress on the second syllable (""pee-CAN"")",21,"[pi:kæn] with stress on the second syllable (""pee-CAN"")",medium,verbatim HDS re-run; phonetic item with real but subtler geography; some variants fall on secondary colours.
261,"I pronounce it differently when it's alone than when it's in a compound like ""pecan pie"" (please state how you pronounce the two variants in the comments box)",21,"I pronounce it differently when it's alone than when it's in a compound like ""pecan pie"" (please state how you pronounce the two variants in the comments box)",medium,verbatim HDS re-run; phonetic item with real but subtler geography; some variants fall on secondary colours.
262,two syllables,22,two syllables,medium,"verbatim HDS re-run, single-select; weak/near-uniform geography or answers on hard (secondary/black) colours."
262,one syllable,22,one syllable,medium,"verbatim HDS re-run, single-select; weak/near-uniform geography or answers on hard (secondary/black) colours."
263,"[i:] as in ""see"" (""reely"")",23,"[i:] as in ""see"" (""reely"")",medium,"verbatim HDS re-run, single-select; weak/near-uniform geography or answers on hard (secondary/black) colours."
263,"[ɪ] as in ""sit"" (""rilly"")",23,"[ɪ] as in ""sit"" (""rilly"")",medium,"verbatim HDS re-run, single-select; weak/near-uniform geography or answers on hard (secondary/black) colours."
263,"[iə] (""ree-l-y"")",23,"[iə] (""ree-l-y"")",medium,"verbatim HDS re-run, single-select; weak/near-uniform geography or answers on hard (secondary/black) colours."
264,"2 syllables (""reel-ter"")",24,"2 syllables (""reel-ter"")",medium,"verbatim HDS re-run, single-select; weak/near-uniform geography or answers on hard (secondary/black) colours."
264,"3 syllables (real[ə]tor, in other words ""reel-uh-ter"")",24,"3 syllables (real[ə]tor, in other words ""reel-uh-ter"")",medium,"verbatim HDS re-run, single-select; weak/near-uniform geography or answers on hard (secondary/black) colours."
264,3 syllables (ree-l-ter),24,"3 syllables (real[ə]tor, in other words ""reel-uh-ter"")",medium,"verbatim HDS re-run, single-select; weak/near-uniform geography or answers on hard (secondary/black) colours."
265,"[u:] as in ""food""",25,"[u:] as in ""food""",medium,"verbatim HDS re-run, single-select; weak/near-uniform geography or answers on hard (secondary/black) colours."
265,these four words do not all have the same vowel (please use the comments box to let us know which is which),25,these four words do not all have the same vowel (please use the comments box to let us know which is which),medium,"verbatim HDS re-run, single-select; weak/near-uniform geography or answers on hard (secondary/black) colours."
265,"[ʊ] as in ""foot""",25,"[ʌ] as in ""foot""",medium,"verbatim HDS re-run, single-select; weak/near-uniform geography or answers on hard (secondary/black) colours."
266,I can pronounce it either way interchangeably,26,I can pronounce it either way interchangeably,medium,verbatim HDS re-run; phonetic item with real but subtler geography; some variants fall on secondary colours.
266,"rhymes with ""hoot""",26,"rhymes with ""hoot""",medium,verbatim HDS re-run; phonetic item with real but subtler geography; some variants fall on secondary colours.
266,"rhymes with ""out""",26,"rhymes with ""out""",medium,verbatim HDS re-run; phonetic item with real but subtler geography; some variants fall on secondary colours.
266,"I say it like ""hoot"" for the noun and like ""out"" for the verb.",26,"I say it like ""hoot"" for the noun and like ""out"" for the verb.",medium,verbatim HDS re-run; phonetic item with real but subtler geography; some variants fall on secondary colours.
266,"I say it like ""out"" for the noun and like ""hoot"" for the verb.",26,"I say it like ""out"" for the noun and like ""hoot"" for the verb.",medium,verbatim HDS re-run; phonetic item with real but subtler geography; some variants fall on secondary colours.
267,"[ə] as in ""sir""",27,"[ə] as in ""sir""",medium,"verbatim HDS re-run, single-select; weak/near-uniform geography or answers on hard (secondary/black) colours."
267,"[i] ""sear-up""",27,"[i] ""sear-up""",medium,"verbatim HDS re-run, single-select; weak/near-uniform geography or answers on hard (secondary/black) colours."
267,"[ɪ] ""sih-rup""",27,"[ɪ] ""sih-rup""",medium,"verbatim HDS re-run, single-select; weak/near-uniform geography or answers on hard (secondary/black) colours."
268,different,28,different,medium,verbatim HDS re-run; phonetic item with real but subtler geography; some variants fall on secondary colours.
268,same,28,same,medium,verbatim HDS re-run; phonetic item with real but subtler geography; some variants fall on secondary colours.
269,"all-mond (first syllable sounds like ""all"")",29,"all-mond (first syllable sounds like ""all"")",medium,"verbatim HDS re-run, single-select; weak/near-uniform geography or answers on hard (secondary/black) colours."
269,ah-mond (no l),29,ah-mond (no l),medium,"verbatim HDS re-run, single-select; weak/near-uniform geography or answers on hard (secondary/black) colours."
269,I say something in between l and nothing,29,I say something in between l and nothing,medium,"verbatim HDS re-run, single-select; weak/near-uniform geography or answers on hard (secondary/black) colours."
269,"aw-mond (if different from ""ah-mond"")",29,"aw-mond (if different from ""ah-mond"")",medium,"verbatim HDS re-run, single-select; weak/near-uniform geography or answers on hard (secondary/black) colours."
270,"[s] as in ""sock""",30,"[s] as in ""sock""",medium,"verbatim HDS re-run, single-select; weak/near-uniform geography or answers on hard (secondary/black) colours."
271,asteri[sk],31,asteri[sk],medium,"verbatim HDS re-run, single-select; weak/near-uniform geography or answers on hard (secondary/black) colours."
271,asteri[k] (with no s in the final cluster),31,asteri[k] (with no s in the final cluster),medium,"verbatim HDS re-run, single-select; weak/near-uniform geography or answers on hard (secondary/black) colours."
271,asteri[ks],31,asteri[ks],medium,"verbatim HDS re-run, single-select; weak/near-uniform geography or answers on hard (secondary/black) colours."
272,I pronounce the first d,32,I pronounce the first d,medium,"verbatim HDS re-run, single-select; weak/near-uniform geography or answers on hard (secondary/black) colours."
272,I don't pronounce the first d,32,I don't pronounce the first d,medium,"verbatim HDS re-run, single-select; weak/near-uniform geography or answers on hard (secondary/black) colours."
272,I only pronounce the first d when I'm speaking slowly/carefully,32,I only pronounce the first d when I'm speaking slowly/carefully,medium,"verbatim HDS re-run, single-select; weak/near-uniform geography or answers on hard (secondary/black) colours."
272,I vary freely between pronouncing the first d and not doing so,32,I vary freely between pronouncing the first d and not doing so,medium,"verbatim HDS re-run, single-select; weak/near-uniform geography or answers on hard (secondary/black) colours."
273,[z],33,[z],medium,"verbatim HDS re-run, single-select; weak/near-uniform geography or answers on hard (secondary/black) colours."
273,[s],33,[s],medium,"verbatim HDS re-run, single-select; weak/near-uniform geography or answers on hard (secondary/black) colours."
273,both are acceptable to me,33,both are acceptable to me,medium,"verbatim HDS re-run, single-select; weak/near-uniform geography or answers on hard (secondary/black) colours."
274,pronounced e[ts]etera (4 syllables),34,pronounced e[ts]etera (4 syllables),medium,"verbatim HDS re-run, single-select; weak/near-uniform geography or answers on hard (secondary/black) colours."
274,pronounced eksetera (4 syllables),34,pronounced eksetera (4 syllables),medium,"verbatim HDS re-run, single-select; weak/near-uniform geography or answers on hard (secondary/black) colours."
274,pronounced e[ts]etra (3 syllables),34,pronounced e[ts]etra (3 syllables),medium,"verbatim HDS re-run, single-select; weak/near-uniform geography or answers on hard (secondary/black) colours."
274,pronounced eksetra (3 syllables),34,pronounced eksetra (3 syllables),medium,"verbatim HDS re-run, single-select; weak/near-uniform geography or answers on hard (secondary/black) colours."
275,I use both interchangeably,35,I use both interchangeably,medium,"verbatim HDS re-run, single-select; weak/near-uniform geography or answers on hard (secondary/black) colours."
276,"[s] as in ""sock""",36,"[s] as in ""sock""",medium,"verbatim HDS re-run, single-select; weak/near-uniform geography or answers on hard (secondary/black) colours."
277,I pronounce the h,37,I pronounce the h,medium,"verbatim HDS re-run, single-select; weak/near-uniform geography or answers on hard (secondary/black) colours."
277,I don't pronounce the h,37,I don't pronounce the h,medium,"verbatim HDS re-run, single-select; weak/near-uniform geography or answers on hard (secondary/black) colours."
277,I can pronounce the h or not,37,I can pronounce the h or not,medium,"verbatim HDS re-run, single-select; weak/near-uniform geography or answers on hard (secondary/black) colours."
278,"[s] as in ""sock""",38,"[s] as in ""sock""",medium,"verbatim HDS re-run, single-select; weak/near-uniform geography or answers on hard (secondary/black) colours."
279,[s],39,[s],medium,"verbatim HDS re-run, single-select; weak/near-uniform geography or answers on hard (secondary/black) colours."
279,[z],39,[z],medium,"verbatim HDS re-run, single-select; weak/near-uniform geography or answers on hard (secondary/black) colours."
280,with [kw],40,with [kw],medium,"verbatim HDS re-run, single-select; weak/near-uniform geography or answers on hard (secondary/black) colours."
280,"with [k] (""cor-ter"")",40,"with [k] (""cor-ter"")",medium,"verbatim HDS re-run, single-select; weak/near-uniform geography or answers on hard (secondary/black) colours."
280,I use both interchangeably,40,I use both interchangeably,medium,"verbatim HDS re-run, single-select; weak/near-uniform geography or answers on hard (secondary/black) colours."
281,spigot,41,spigot,medium,"verbatim HDS re-run, single-select; weak/near-uniform geography or answers on hard (secondary/black) colours."
281,I don't use either version of this word,41,I don't use either version of this word,medium,"verbatim HDS re-run, single-select; weak/near-uniform geography or answers on hard (secondary/black) colours."
281,spicket,41,spicket,medium,"verbatim HDS re-run, single-select; weak/near-uniform geography or answers on hard (secondary/black) colours."
281,"I say ""spicket"" but spell it ""spigot""",41,"I say ""spicket"" but spell it ""spigot""",medium,"verbatim HDS re-run, single-select; weak/near-uniform geography or answers on hard (secondary/black) colours."
281,I use both interchangeably,41,I use both interchangeably,medium,"verbatim HDS re-run, single-select; weak/near-uniform geography or answers on hard (secondary/black) colours."
281,I use both with different meanings (please explain how in the comments box),41,I use both with different meanings (please explain how in the comments box),medium,"verbatim HDS re-run, single-select; weak/near-uniform geography or answers on hard (secondary/black) colours."
282,"the ""g"" is pronounced as [k]",42,"the ""g"" is pronounced as [k]",medium,"verbatim HDS re-run, single-select; weak/near-uniform geography or answers on hard (secondary/black) colours."
282,"the ""g"" is pronounced as [ʒ]",42,"the ""g"" is pronounced as [g]",medium,"verbatim HDS re-run, single-select; weak/near-uniform geography or answers on hard (secondary/black) colours."
282,"the ""g"" is silent",42,"the ""g"" is silent",medium,"verbatim HDS re-run, single-select; weak/near-uniform geography or answers on hard (secondary/black) colours."
283,[s],43,[s],medium,"verbatim HDS re-run, single-select; weak/near-uniform geography or answers on hard (secondary/black) colours."
283,[z],43,[z],medium,"verbatim HDS re-run, single-select; weak/near-uniform geography or answers on hard (secondary/black) colours."
283,either one,43,either one,medium,"verbatim HDS re-run, single-select; weak/near-uniform geography or answers on hard (secondary/black) colours."
284,CREAM cheese (stress on the first syllable),44,CREAM cheese (stress on the first syllable),medium,"verbatim HDS re-run, single-select; weak/near-uniform geography or answers on hard (secondary/black) colours."
284,cream CHEESE (stress on the second syllable),44,CREAM cheese (stress on the first syllable),medium,"verbatim HDS re-run, single-select; weak/near-uniform geography or answers on hard (secondary/black) colours."
284,it sounds right either way,44,it sounds right either way,medium,"verbatim HDS re-run, single-select; weak/near-uniform geography or answers on hard (secondary/black) colours."
285,inSURance (stress on the second syllable),45,INsurance (stress on the first syllable),medium,"verbatim HDS re-run, single-select; weak/near-uniform geography or answers on hard (secondary/black) colours."
285,INsurance (stress on the first syllable),45,INsurance (stress on the first syllable),medium,"verbatim HDS re-run, single-select; weak/near-uniform geography or answers on hard (secondary/black) colours."
285,I can stress either the first or the second syllable,45,I can stress either the first or the second syllable,medium,"verbatim HDS re-run, single-select; weak/near-uniform geography or answers on hard (secondary/black) colours."
286,NEW Haven,46,NEW Haven,medium,"verbatim HDS re-run, single-select; weak/near-uniform geography or answers on hard (secondary/black) colours."
286,New HAVEN,46,NEW Haven,medium,"verbatim HDS re-run, single-select; weak/near-uniform geography or answers on hard (secondary/black) colours."
286,I use both interchangeably,46,I use both interchangeably,medium,"verbatim HDS re-run, single-select; weak/near-uniform geography or answers on hard (secondary/black) colours."
287,ThanksGIVing,47,THANKSgiving,medium,"verbatim HDS re-run, single-select; weak/near-uniform geography or answers on hard (secondary/black) colours."
287,THANKSgiving,47,THANKSgiving,medium,"verbatim HDS re-run, single-select; weak/near-uniform geography or answers on hard (secondary/black) colours."
287,I use both interchangeably,47,I use both interchangeably,medium,"verbatim HDS re-run, single-select; weak/near-uniform geography or answers on hard (secondary/black) colours."
288,umBRELLa,48,UMbrella,medium,"verbatim HDS re-run, single-select; weak/near-uniform geography or answers on hard (secondary/black) colours."
288,UMbrella,48,UMbrella,medium,"verbatim HDS re-run, single-select; weak/near-uniform geography or answers on hard (secondary/black) colours."
289,dragged,49,dragged,medium,"verbatim HDS re-run, single-select; weak/near-uniform geography or answers on hard (secondary/black) colours."
289,drug,49,drug,medium,"verbatim HDS re-run, single-select; weak/near-uniform geography or answers on hard (secondary/black) colours."
289,I use both interchangeably,49,I use both interchangeably,medium,"verbatim HDS re-run, single-select; weak/near-uniform geography or answers on hard (secondary/black) colours."
290,you guys,50,you guys,high,"verbatim HDS re-run, single-select; strong lexical isogloss."
290,you,50,you,high,"verbatim HDS re-run, single-select; strong lexical isogloss."
290,y'all,50,y'all,high,"verbatim HDS re-run, single-select; strong lexical isogloss."
290,you all,50,you all,high,"verbatim HDS re-run, single-select; strong lexical isogloss."
291,no,51,no,medium,"verbatim HDS re-run, single-select; weak/near-uniform geography or answers on hard (secondary/black) colours."
291,yes,51,yes,medium,"verbatim HDS re-run, single-select; weak/near-uniform geography or answers on hard (secondary/black) colours."
292,no,52,no,medium,"verbatim HDS re-run, single-select; weak/near-uniform geography or answers on hard (secondary/black) colours."
292,yes,52,yes,medium,"verbatim HDS re-run, single-select; weak/near-uniform geography or answers on hard (secondary/black) colours."
292,"I can use ""where are you at"" in contexts such as asking someone how s/he is coming along on a project, but not in the general sense of ""where are you physically located in the world at this moment"".",52,"I can use ""where are you at"" in contexts such as asking someone how s/he is coming along on a project, but not in the general sense of ""where are you physically located in the world at this moment"".",medium,"verbatim HDS re-run, single-select; weak/near-uniform geography or answers on hard (secondary/black) colours."
293,no,53,no,medium,"verbatim HDS re-run, single-select; weak/near-uniform geography or answers on hard (secondary/black) colours."
293,yes (please consider adding which combinations of modals you use in the comments box),53,yes (please consider adding which combinations of modals you use in the comments box),medium,"verbatim HDS re-run, single-select; weak/near-uniform geography or answers on hard (secondary/black) colours."
294,"this use of ""anymore"" is unacceptable",54,"this use of ""anymore"" is unacceptable",medium,"verbatim HDS re-run, single-select; weak/near-uniform geography or answers on hard (secondary/black) colours."
294,"this use of ""anymore"" is acceptable",54,"this use of ""anymore"" is acceptable",medium,"verbatim HDS re-run, single-select; weak/near-uniform geography or answers on hard (secondary/black) colours."
294,not sure,54,not sure,medium,"verbatim HDS re-run, single-select; weak/near-uniform geography or answers on hard (secondary/black) colours."
295,unacceptable,55,unacceptable,medium,"verbatim HDS re-run, single-select; weak/near-uniform geography or answers on hard (secondary/black) colours."
295,acceptable,55,acceptable,medium,"verbatim HDS re-run, single-select; weak/near-uniform geography or answers on hard (secondary/black) colours."
295,not sure,55,not sure,medium,"verbatim HDS re-run, single-select; weak/near-uniform geography or answers on hard (secondary/black) colours."
296,unacceptable,56,unacceptable,medium,"verbatim HDS re-run, single-select; weak/near-uniform geography or answers on hard (secondary/black) colours."
296,acceptable,56,acceptable,medium,"verbatim HDS re-run, single-select; weak/near-uniform geography or answers on hard (secondary/black) colours."
296,not sure,56,not sure,medium,"verbatim HDS re-run, single-select; weak/near-uniform geography or answers on hard (secondary/black) colours."
297,unacceptable,57,unacceptable,medium,"verbatim HDS re-run, single-select; weak/near-uniform geography or answers on hard (secondary/black) colours."
297,acceptable,57,acceptable,medium,"verbatim HDS re-run, single-select; weak/near-uniform geography or answers on hard (secondary/black) colours."
297,not sure,57,not sure,medium,"verbatim HDS re-run, single-select; weak/near-uniform geography or answers on hard (secondary/black) colours."
298,garage sale,58,garage sale,high,"verbatim HDS re-run, single-select; strong lexical isogloss."
298,yard sale,58,yard sale,high,"verbatim HDS re-run, single-select; strong lexical isogloss."
298,rummage sale,58,rummage sale,high,"verbatim HDS re-run, single-select; strong lexical isogloss."
298,tag sale,58,tag sale,high,"verbatim HDS re-run, single-select; strong lexical isogloss."
299,"I have never heard of this ""game"" and have no idea what it's called",59,"I have never heard of this ""game"" and have no idea what it's called",medium,"verbatim HDS re-run, single-select; weak/near-uniform geography or answers on hard (secondary/black) colours."
299,mumbly peg,59,mumbly peg,medium,"verbatim HDS re-run, single-select; weak/near-uniform geography or answers on hard (secondary/black) colours."
299,mumbledy-peg,59,mumbledy-peg,medium,"verbatim HDS re-run, single-select; weak/near-uniform geography or answers on hard (secondary/black) colours."
299,mumblety-peg,59,mumblety-peg,medium,"verbatim HDS re-run, single-select; weak/near-uniform geography or answers on hard (secondary/black) colours."
299,chicken,59,chicken,medium,"verbatim HDS re-run, single-select; weak/near-uniform geography or answers on hard (secondary/black) colours."
299,Russian roulette,59,Russian roulette,medium,"verbatim HDS re-run, single-select; weak/near-uniform geography or answers on hard (secondary/black) colours."
300,curb strip,60,curb strip,high,"verbatim HDS re-run, single-select; strong lexical isogloss."
300,berm,60,berm,high,"verbatim HDS re-run, single-select; strong lexical isogloss."
300,parking,60,parking,high,"verbatim HDS re-run, single-select; strong lexical isogloss."
300,tree lawn,60,tree lawn,high,"verbatim HDS re-run, single-select; strong lexical isogloss."
300,verge,60,verge,high,"verbatim HDS re-run, single-select; strong lexical isogloss."
301,island,61,island,medium,"verbatim HDS re-run, single-select; weak/near-uniform geography or answers on hard (secondary/black) colours."
301,boulevard,61,boulevard,medium,"verbatim HDS re-run, single-select; weak/near-uniform geography or answers on hard (secondary/black) colours."
301,traffic island,61,traffic island,medium,"verbatim HDS re-run, single-select; weak/near-uniform geography or answers on hard (secondary/black) colours."
301,midway,61,midway,medium,"verbatim HDS re-run, single-select; weak/near-uniform geography or answers on hard (secondary/black) colours."
302,median,62,median,high,"verbatim HDS re-run, single-select; strong lexical isogloss."
302,median strip,62,median strip,high,"verbatim HDS re-run, single-select; strong lexical isogloss."
302,island,62,island,high,"verbatim HDS re-run, single-select; strong lexical isogloss."
303,milkshake/shake,63,milkshake/shake,high,"verbatim HDS re-run, single-select; strong lexical isogloss."
303,frappe,63,frappe,high,"verbatim HDS re-run, single-select; strong lexical isogloss."
304,sub,64,sub,high,"verbatim HDS re-run, single-select; strong lexical isogloss."
304,hoagie,64,hoagie,high,"verbatim HDS re-run, single-select; strong lexical isogloss."
304,hero,64,hero,high,"verbatim HDS re-run, single-select; strong lexical isogloss."
304,grinder,64,grinder,high,"verbatim HDS re-run, single-select; strong lexical isogloss."
304,poor boy,64,poor boy,high,"verbatim HDS re-run, single-select; strong lexical isogloss."
305,I use lightning bug and firefly interchangeably,65,I use lightning bug and firefly interchangeably,high,"verbatim HDS re-run, single-select; strong lexical isogloss."
305,lightning bug,65,lightning bug,high,"verbatim HDS re-run, single-select; strong lexical isogloss."
305,firefly,65,firefly,high,"verbatim HDS re-run, single-select; strong lexical isogloss."
306,crawfish,66,crawfish,high,"verbatim HDS re-run, single-select; strong lexical isogloss."
306,crayfish,66,crayfish,high,"verbatim HDS re-run, single-select; strong lexical isogloss."
306,crawdad,66,crawdad,high,"verbatim HDS re-run, single-select; strong lexical isogloss."
307,daddy long leg(s),67,daddy long leg(s),medium,"verbatim HDS re-run, single-select; weak/near-uniform geography or answers on hard (secondary/black) colours."
307,daddy big legs,67,daddy big legs,medium,"verbatim HDS re-run, single-select; weak/near-uniform geography or answers on hard (secondary/black) colours."
308,grandma,68,grandma,medium,"verbatim HDS re-run, single-select; weak/near-uniform geography or answers on hard (secondary/black) colours."
308,grandmother,68,grandmother,medium,"verbatim HDS re-run, single-select; weak/near-uniform geography or answers on hard (secondary/black) colours."
308,nana,68,nana,medium,"verbatim HDS re-run, single-select; weak/near-uniform geography or answers on hard (secondary/black) colours."
308,granny,68,granny,medium,"verbatim HDS re-run, single-select; weak/near-uniform geography or answers on hard (secondary/black) colours."
308,grammy/grammie/grammi,68,grammy/grammie/grammi,medium,"verbatim HDS re-run, single-select; weak/near-uniform geography or answers on hard (secondary/black) colours."
309,grandma,69,grandma,medium,"verbatim HDS re-run, single-select; weak/near-uniform geography or answers on hard (secondary/black) colours."
309,gramma,69,gramma,medium,"verbatim HDS re-run, single-select; weak/near-uniform geography or answers on hard (secondary/black) colours."
309,grandmother,69,grandmother,medium,"verbatim HDS re-run, single-select; weak/near-uniform geography or answers on hard (secondary/black) colours."
309,granny,69,granny,medium,"verbatim HDS re-run, single-select; weak/near-uniform geography or answers on hard (secondary/black) colours."
309,nana,69,nana,medium,"verbatim HDS re-run, single-select; weak/near-uniform geography or answers on hard (secondary/black) colours."
310,"I spell it ""grandpa"" but pronounce it as ""grampa""",70,"I spell it ""grandpa"" but pronounce it as ""grampa""",medium,"verbatim HDS re-run, single-select; weak/near-uniform geography or answers on hard (secondary/black) colours."
310,grandpa,70,grandpa,medium,"verbatim HDS re-run, single-select; weak/near-uniform geography or answers on hard (secondary/black) colours."
310,grampa,70,grampa,medium,"verbatim HDS re-run, single-select; weak/near-uniform geography or answers on hard (secondary/black) colours."
310,"grandad, granddad",70,"grandad, granddad",medium,"verbatim HDS re-run, single-select; weak/near-uniform geography or answers on hard (secondary/black) colours."
310,gramps,70,gramps,medium,"verbatim HDS re-run, single-select; weak/near-uniform geography or answers on hard (secondary/black) colours."
311,grandpa,71,grandpa,medium,"verbatim HDS re-run, single-select; weak/near-uniform geography or answers on hard (secondary/black) colours."
311,grampa,71,grampa,medium,"verbatim HDS re-run, single-select; weak/near-uniform geography or answers on hard (secondary/black) colours."
312,dust bunnies,72,dust bunnies,high,"verbatim HDS re-run, single-select; strong lexical isogloss."
312,dust balls,72,dust balls,high,"verbatim HDS re-run, single-select; strong lexical isogloss."
313,tennis shoes,73,tennis shoes,high,"verbatim HDS re-run, single-select; strong lexical isogloss."
313,sneakers,73,sneakers,high,"verbatim HDS re-run, single-select; strong lexical isogloss."
313,gymshoes,73,gymshoes,high,"verbatim HDS re-run, single-select; strong lexical isogloss."
313,shoes,73,shoes,high,"verbatim HDS re-run, single-select; strong lexical isogloss."
313,running shoes,73,running shoes,high,"verbatim HDS re-run, single-select; strong lexical isogloss."
314,roly poly,74,roly poly,high,"verbatim HDS re-run, single-select; strong lexical isogloss."
314,pill bug,74,pill bug,high,"verbatim HDS re-run, single-select; strong lexical isogloss."
314,potato bug,74,potato bug,high,"verbatim HDS re-run, single-select; strong lexical isogloss."
314,I have no idea what this creature is,74,I have no idea what this creature is,high,"verbatim HDS re-run, single-select; strong lexical isogloss."
314,"I know what this creature is, but have no word for it",74,"I know what this creature is, but have no word for it",high,"verbatim HDS re-run, single-select; strong lexical isogloss."
314,doodle bug,74,doodle bug,high,"verbatim HDS re-run, single-select; strong lexical isogloss."
314,sow bug,74,sow bug,high,"verbatim HDS re-run, single-select; strong lexical isogloss."
315,shopping cart,75,shopping cart,high,"verbatim HDS re-run, single-select; strong lexical isogloss."
315,grocery cart,75,grocery cart,high,"verbatim HDS re-run, single-select; strong lexical isogloss."
315,buggy,75,buggy,high,"verbatim HDS re-run, single-select; strong lexical isogloss."
316,kitty-corner,76,kitty-corner,high,"verbatim HDS re-run, single-select; strong lexical isogloss."
316,catty-corner,76,catty-corner,high,"verbatim HDS re-run, single-select; strong lexical isogloss."
316,"I can only use ""diagonal"" for this",76,"I can only use ""diagonal"" for this",high,"verbatim HDS re-run, single-select; strong lexical isogloss."
316,catercorner,76,catercorner,high,"verbatim HDS re-run, single-select; strong lexical isogloss."
317,doing donuts,77,doing donuts,medium,"verbatim HDS re-run, single-select; weak/near-uniform geography or answers on hard (secondary/black) colours."
317,doing cookies,77,doing cookies,medium,"verbatim HDS re-run, single-select; weak/near-uniform geography or answers on hard (secondary/black) colours."
317,whipping shitties,77,whipping shitties,medium,"verbatim HDS re-run, single-select; weak/near-uniform geography or answers on hard (secondary/black) colours."
318,"scratch paper is still usable (for example, the paper you bring to do extra work on a test); scrap paper is paper that isn't needed anymore and can be thrown away.",78,"scratch paper is still usable (for example, the paper you bring to do extra work on a test); scrap paper is paper that isn't needed anymore and can be thrown away.",medium,"verbatim HDS re-run, single-select; weak/near-uniform geography or answers on hard (secondary/black) colours."
318,scratch paper,78,scratch paper,medium,"verbatim HDS re-run, single-select; weak/near-uniform geography or answers on hard (secondary/black) colours."
318,scrap paper,78,scrap paper,medium,"verbatim HDS re-run, single-select; weak/near-uniform geography or answers on hard (secondary/black) colours."
319,highway,79,highway,medium,"verbatim HDS re-run, single-select; weak/near-uniform geography or answers on hard (secondary/black) colours."
319,"a freeway has limited access (no stop lights, no intersections), whereas a highway can have stop lights and intersections",79,"a freeway has limited access (no stop lights, no intersections), whereas a highway can have stop lights and intersections",medium,"verbatim HDS re-run, single-select; weak/near-uniform geography or answers on hard (secondary/black) colours."
319,freeway,79,freeway,medium,"verbatim HDS re-run, single-select; weak/near-uniform geography or answers on hard (secondary/black) colours."
319,a freeway is bigger than a highway,79,a freeway is bigger than a highway,medium,"verbatim HDS re-run, single-select; weak/near-uniform geography or answers on hard (secondary/black) colours."
319,expressway,79,expressway,medium,"verbatim HDS re-run, single-select; weak/near-uniform geography or answers on hard (secondary/black) colours."
320,sunshower,80,sunshower,high,"verbatim HDS re-run, single-select; strong lexical isogloss."
320,the devil is beating his wife,80,the devil is beating his wife,high,"verbatim HDS re-run, single-select; strong lexical isogloss."
320,liquid sun,80,liquid sun,high,"verbatim HDS re-run, single-select; strong lexical isogloss."
321,goose bumps,81,goose bumps,medium,"verbatim HDS re-run, single-select; weak/near-uniform geography or answers on hard (secondary/black) colours."
321,goose pimples,81,goose pimples,medium,"verbatim HDS re-run, single-select; weak/near-uniform geography or answers on hard (secondary/black) colours."
321,chill bumps,81,chill bumps,medium,"verbatim HDS re-run, single-select; weak/near-uniform geography or answers on hard (secondary/black) colours."
322,sleep,82,sleep,medium,"verbatim HDS re-run, single-select; weak/near-uniform geography or answers on hard (secondary/black) colours."
322,eye booger,82,eye booger,medium,"verbatim HDS re-run, single-select; weak/near-uniform geography or answers on hard (secondary/black) colours."
322,sand,82,sand,medium,"verbatim HDS re-run, single-select; weak/near-uniform geography or answers on hard (secondary/black) colours."
322,gunk,82,gunk,medium,"verbatim HDS re-run, single-select; weak/near-uniform geography or answers on hard (secondary/black) colours."
322,sleepies,82,sleepies,medium,"verbatim HDS re-run, single-select; weak/near-uniform geography or answers on hard (secondary/black) colours."
323,blow-off,83,blow-off,medium,"verbatim HDS re-run, single-select; weak/near-uniform geography or answers on hard (secondary/black) colours."
323,gut,83,gut,medium,"verbatim HDS re-run, single-select; weak/near-uniform geography or answers on hard (secondary/black) colours."
323,crip course,83,crip course,medium,"verbatim HDS re-run, single-select; weak/near-uniform geography or answers on hard (secondary/black) colours."
323,bird,83,bird,medium,"verbatim HDS re-run, single-select; weak/near-uniform geography or answers on hard (secondary/black) colours."
324,traffic circle,84,traffic circle,high,"verbatim HDS re-run, single-select; strong lexical isogloss."
324,roundabout,84,roundabout,high,"verbatim HDS re-run, single-select; strong lexical isogloss."
324,rotary,84,rotary,high,"verbatim HDS re-run, single-select; strong lexical isogloss."
324,circle,84,circle,high,"verbatim HDS re-run, single-select; strong lexical isogloss."
325,rubber band,85,rubber band,medium,"verbatim HDS re-run, single-select; weak/near-uniform geography or answers on hard (secondary/black) colours."
325,hair tie,85,hair tie,medium,"verbatim HDS re-run, single-select; weak/near-uniform geography or answers on hard (secondary/black) colours."
325,hair thing,85,hair thing,medium,"verbatim HDS re-run, single-select; weak/near-uniform geography or answers on hard (secondary/black) colours."
325,(hair) elastic,85,(hair) elastic,medium,"verbatim HDS re-run, single-select; weak/near-uniform geography or answers on hard (secondary/black) colours."
326,"no, but I know what it means",86,"no, but I know what it means",medium,"verbatim HDS re-run, single-select; weak/near-uniform geography or answers on hard (secondary/black) colours."
326,I have no idea what this means,86,I have no idea what this means,medium,"verbatim HDS re-run, single-select; weak/near-uniform geography or answers on hard (secondary/black) colours."
326,yes,86,yes,medium,"verbatim HDS re-run, single-select; weak/near-uniform geography or answers on hard (secondary/black) colours."
327,yes,87,yes,medium,"verbatim HDS re-run, single-select; weak/near-uniform geography or answers on hard (secondary/black) colours."
327,"no, but I know what it means",87,"no, but I know what it means",medium,"verbatim HDS re-run, single-select; weak/near-uniform geography or answers on hard (secondary/black) colours."
327,I have no idea what this means,87,I have no idea what this means,medium,"verbatim HDS re-run, single-select; weak/near-uniform geography or answers on hard (secondary/black) colours."
328,duck-footed,88,duck-footed,medium,"verbatim HDS re-run, single-select; weak/near-uniform geography or answers on hard (secondary/black) colours."
328,bow-legged,88,bow-legged,medium,"verbatim HDS re-run, single-select; weak/near-uniform geography or answers on hard (secondary/black) colours."
328,splay-footed,88,splay-footed,medium,"verbatim HDS re-run, single-select; weak/near-uniform geography or answers on hard (secondary/black) colours."
328,slue-footed,88,slue-footed,medium,"verbatim HDS re-run, single-select; weak/near-uniform geography or answers on hard (secondary/black) colours."
328,toed out,88,toed out,medium,"verbatim HDS re-run, single-select; weak/near-uniform geography or answers on hard (secondary/black) colours."
329,yes,89,yes,medium,"verbatim HDS re-run, single-select; weak/near-uniform geography or answers on hard (secondary/black) colours."
329,no,89,no,medium,"verbatim HDS re-run, single-select; weak/near-uniform geography or answers on hard (secondary/black) colours."
329,"yes, but I can also use it in other forms such as apple slaw or broccoli slaw",89,"yes, but I can also use it in other forms such as apple slaw or broccoli slaw",medium,"verbatim HDS re-run, single-select; weak/near-uniform geography or answers on hard (secondary/black) colours."
329,I have never heard that usage before,89,I have never heard that usage before,medium,"verbatim HDS re-run, single-select; weak/near-uniform geography or answers on hard (secondary/black) colours."
330,coffin,90,coffin,medium,"verbatim HDS re-run, single-select; weak/near-uniform geography or answers on hard (secondary/black) colours."
330,casket,90,casket,medium,"verbatim HDS re-run, single-select; weak/near-uniform geography or answers on hard (secondary/black) colours."
330,"a coffin and a casket are not the same, and I know the difference",90,"a coffin and a casket are not the same, and I know the difference",medium,"verbatim HDS re-run, single-select; weak/near-uniform geography or answers on hard (secondary/black) colours."
331,oil and vinegar,91,oil and vinegar,medium,"verbatim HDS re-run, single-select; weak/near-uniform geography or answers on hard (secondary/black) colours."
331,vinegar and oil,91,vinegar and oil,medium,"verbatim HDS re-run, single-select; weak/near-uniform geography or answers on hard (secondary/black) colours."
331,both sound equally good to me,91,both sound equally good to me,medium,"verbatim HDS re-run, single-select; weak/near-uniform geography or answers on hard (secondary/black) colours."
331,neither,91,neither,medium,"verbatim HDS re-run, single-select; weak/near-uniform geography or answers on hard (secondary/black) colours."
332,Chinese fire drill,92,Chinese fire drill,medium,"verbatim HDS re-run, single-select; weak/near-uniform geography or answers on hard (secondary/black) colours."
332,Chinese lane change,92,Chinese lane change,medium,"verbatim HDS re-run, single-select; weak/near-uniform geography or answers on hard (secondary/black) colours."
333,in line,93,in line,medium,"verbatim HDS re-run, single-select; weak/near-uniform geography or answers on hard (secondary/black) colours."
333,on line,93,on line,medium,"verbatim HDS re-run, single-select; weak/near-uniform geography or answers on hard (secondary/black) colours."
333,both sound equally good,93,both sound equally good,medium,"verbatim HDS re-run, single-select; weak/near-uniform geography or answers on hard (secondary/black) colours."
334,frosting,94,frosting,high,"verbatim HDS re-run, single-select; strong lexical isogloss."
334,both,94,both,high,"verbatim HDS re-run, single-select; strong lexical isogloss."
334,icing,94,icing,high,"verbatim HDS re-run, single-select; strong lexical isogloss."
334,"icing is thinner than frosting, white, and/or made of powdered sugar and milk or lemon juice",94,"icing is thinner than frosting, white, and/or made of powdered sugar and milk or lemon juice",high,"verbatim HDS re-run, single-select; strong lexical isogloss."
335,New York City,95,New York City,medium,"verbatim HDS re-run, single-select; weak/near-uniform geography or answers on hard (secondary/black) colours."
335,Chicago,95,Chicago,medium,"verbatim HDS re-run, single-select; weak/near-uniform geography or answers on hard (secondary/black) colours."
335,Boston,95,Boston,medium,"verbatim HDS re-run, single-select; weak/near-uniform geography or answers on hard (secondary/black) colours."
335,DC,95,DC,medium,"verbatim HDS re-run, single-select; weak/near-uniform geography or answers on hard (secondary/black) colours."
335,LA,95,LA,medium,"verbatim HDS re-run, single-select; weak/near-uniform geography or answers on hard (secondary/black) colours."
336,there is no distinction; they both have the same meaning,96,there is no distinction; they both have the same meaning,high,"verbatim HDS re-run, single-select; strong lexical isogloss."
336,I do not use the term supper,96,I do not use the term supper,high,"verbatim HDS re-run, single-select; strong lexical isogloss."
336,dinner takes place in a more formal setting than supper,96,dinner takes place in a more formal setting than supper,high,"verbatim HDS re-run, single-select; strong lexical isogloss."
336,"supper is an evening meal while dinner is eaten earlier (lunch, for example)",96,"supper is an evening meal while dinner is eaten earlier (lunch, for example)",high,"verbatim HDS re-run, single-select; strong lexical isogloss."
336,"supper is an evening meal, dinner is the main meal",96,"supper is an evening meal, dinner is the main meal",high,"verbatim HDS re-run, single-select; strong lexical isogloss."
337,trash can,97,trash can,high,"verbatim HDS re-run, single-select; strong lexical isogloss."
337,These words refer to different things,97,These words refer to different things,high,"verbatim HDS re-run, single-select; strong lexical isogloss."
337,garbage can,97,garbage can,high,"verbatim HDS re-run, single-select; strong lexical isogloss."
337,waste(paper) basket,97,waste(paper) basket,high,"verbatim HDS re-run, single-select; strong lexical isogloss."
338,By accident,98,By accident,medium,"verbatim HDS re-run, single-select; weak/near-uniform geography or answers on hard (secondary/black) colours."
338,both,98,both,medium,"verbatim HDS re-run, single-select; weak/near-uniform geography or answers on hard (secondary/black) colours."
338,On accident,98,On accident,medium,"verbatim HDS re-run, single-select; weak/near-uniform geography or answers on hard (secondary/black) colours."
338,neither,98,neither,medium,"verbatim HDS re-run, single-select; weak/near-uniform geography or answers on hard (secondary/black) colours."
339,frontage road,99,frontage road,medium,"verbatim HDS re-run, single-select; weak/near-uniform geography or answers on hard (secondary/black) colours."
339,service road,99,service road,medium,"verbatim HDS re-run, single-select; weak/near-uniform geography or answers on hard (secondary/black) colours."
339,access road,99,access road,medium,"verbatim HDS re-run, single-select; weak/near-uniform geography or answers on hard (secondary/black) colours."
339,we have them but I have no word for them,99,we have them but I have no word for them,medium,"verbatim HDS re-run, single-select; weak/near-uniform geography or answers on hard (secondary/black) colours."
339,I've never heard of this concept,99,I've never heard of this concept,medium,"verbatim HDS re-run, single-select; weak/near-uniform geography or answers on hard (secondary/black) colours."
339,feeder road,99,feeder road,medium,"verbatim HDS re-run, single-select; weak/near-uniform geography or answers on hard (secondary/black) colours."
340,mow the lawn,100,mow the lawn,medium,"verbatim HDS re-run, single-select; weak/near-uniform geography or answers on hard (secondary/black) colours."
340,cut the grass,100,cut the grass,medium,"verbatim HDS re-run, single-select; weak/near-uniform geography or answers on hard (secondary/black) colours."
340,mow the grass,100,mow the grass,medium,"verbatim HDS re-run, single-select; weak/near-uniform geography or answers on hard (secondary/black) colours."
341,hand in,101,hand in,medium,"verbatim HDS re-run, single-select; weak/near-uniform geography or answers on hard (secondary/black) colours."
341,both,101,both,medium,"verbatim HDS re-run, single-select; weak/near-uniform geography or answers on hard (secondary/black) colours."
341,pass in,101,pass in,medium,"verbatim HDS re-run, single-select; weak/near-uniform geography or answers on hard (secondary/black) colours."
342,waterbug,102,waterbug,medium,"verbatim HDS re-run, single-select; weak/near-uniform geography or answers on hard (secondary/black) colours."
342,waterstrider,102,waterstrider,medium,"verbatim HDS re-run, single-select; weak/near-uniform geography or answers on hard (secondary/black) colours."
342,water-spider,102,water-spider,medium,"verbatim HDS re-run, single-select; weak/near-uniform geography or answers on hard (secondary/black) colours."
342,skimmer,102,skimmer,medium,"verbatim HDS re-run, single-select; weak/near-uniform geography or answers on hard (secondary/black) colours."
342,water beetle,102,water beetle,medium,"verbatim HDS re-run, single-select; weak/near-uniform geography or answers on hard (secondary/black) colours."
343,water fountain,103,water fountain,high,"verbatim HDS re-run, single-select; strong lexical isogloss."
343,drinking fountain,103,drinking fountain,high,"verbatim HDS re-run, single-select; strong lexical isogloss."
343,bubbler,103,bubbler,high,"verbatim HDS re-run, single-select; strong lexical isogloss."
344,the subway,104,the subway,high,"verbatim HDS re-run, single-select; strong lexical isogloss."
344,the metro,104,the metro,high,"verbatim HDS re-run, single-select; strong lexical isogloss."
344,"the L, or the El",104,"the L, or the El",high,"verbatim HDS re-run, single-select; strong lexical isogloss."
344,the T,104,the T,high,"verbatim HDS re-run, single-select; strong lexical isogloss."
344,BART,104,BART,high,"verbatim HDS re-run, single-select; strong lexical isogloss."
345,soda,105,soda,high,"verbatim HDS q105 (carbonated beverage), single-select; soda/pop/coke land on the recoverable RGB primaries."
345,pop,105,pop,high,"verbatim HDS q105 (carbonated beverage), single-select; soda/pop/coke land on the recoverable RGB primaries."
345,coke,105,coke,high,"verbatim HDS q105 (carbonated beverage), single-select; soda/pop/coke land on the recoverable RGB primaries."
345,soft drink,105,soft drink,high,"verbatim HDS q105 (carbonated beverage), single-select; soda/pop/coke land on the recoverable RGB primaries."
346,tp'ing,106,tp'ing,medium,"verbatim HDS re-run, single-select; weak/near-uniform geography or answers on hard (secondary/black) colours."
346,toilet papering,106,toilet papering,medium,"verbatim HDS re-run, single-select; weak/near-uniform geography or answers on hard (secondary/black) colours."
346,rolling,106,rolling,medium,"verbatim HDS re-run, single-select; weak/near-uniform geography or answers on hard (secondary/black) colours."
346,wrapping,106,wrapping,medium,"verbatim HDS re-run, single-select; weak/near-uniform geography or answers on hard (secondary/black) colours."
346,papering,106,papering,medium,"verbatim HDS re-run, single-select; weak/near-uniform geography or answers on hard (secondary/black) colours."
347,"rubbernecking is the activity (slowing down and gawking) that causes the traffic jam, but I have no word for the traffic jam itself",107,"rubbernecking is the activity (slowing down and gawking) that causes the traffic jam, but I have no word for the traffic jam itself",medium,"verbatim HDS re-run, single-select; weak/near-uniform geography or answers on hard (secondary/black) colours."
347,rubbernecking,107,rubbernecking,medium,"verbatim HDS re-run, single-select; weak/near-uniform geography or answers on hard (secondary/black) colours."
347,gapers' block,107,gapers' block,medium,"verbatim HDS re-run, single-select; weak/near-uniform geography or answers on hard (secondary/black) colours."
347,rubberneck,107,rubberneck,medium,"verbatim HDS re-run, single-select; weak/near-uniform geography or answers on hard (secondary/black) colours."
347,Lookie Lou,107,Lookie Lou,medium,"verbatim HDS re-run, single-select; weak/near-uniform geography or answers on hard (secondary/black) colours."
348,"[æ] as in ""sat""",108,"[æ] as in ""sat""",medium,verbatim HDS re-run; phonetic item with real but subtler geography; some variants fall on secondary colours.
348,"[e:] as in ""say""",108,"[e:] as in ""say""",medium,verbatim HDS re-run; phonetic item with real but subtler geography; some variants fall on secondary colours.
349,bag,109,bag,medium,"verbatim HDS re-run, single-select; weak/near-uniform geography or answers on hard (secondary/black) colours."
349,sack,109,sack,medium,"verbatim HDS re-run, single-select; weak/near-uniform geography or answers on hard (secondary/black) colours."
350,mischief night,110,mischief night,high,"verbatim HDS re-run, single-select; strong lexical isogloss."
350,devil's night,110,devil's night,high,"verbatim HDS re-run, single-select; strong lexical isogloss."
350,cabbage night,110,cabbage night,high,"verbatim HDS re-run, single-select; strong lexical isogloss."
350,devil's eve,110,devil's eve,high,"verbatim HDS re-run, single-select; strong lexical isogloss."
351,heel,111,heel,medium,"verbatim HDS re-run, single-select; weak/near-uniform geography or answers on hard (secondary/black) colours."
351,end,111,end,medium,"verbatim HDS re-run, single-select; weak/near-uniform geography or answers on hard (secondary/black) colours."
351,crust,111,crust,medium,"verbatim HDS re-run, single-select; weak/near-uniform geography or answers on hard (secondary/black) colours."
351,butt,111,butt,medium,"verbatim HDS re-run, single-select; weak/near-uniform geography or answers on hard (secondary/black) colours."
352,barbituate,112,barbituate,medium,"verbatim HDS re-run, single-select; weak/near-uniform geography or answers on hard (secondary/black) colours."
352,barbiturate,112,barbiturate,medium,"verbatim HDS re-run, single-select; weak/near-uniform geography or answers on hard (secondary/black) colours."
352,I don't use either of these,112,I don't use either of these,medium,"verbatim HDS re-run, single-select; weak/near-uniform geography or answers on hard (secondary/black) colours."
353,p,113,p,medium,"verbatim HDS re-run, single-select; weak/near-uniform geography or answers on hard (secondary/black) colours."
353,f,113,f,medium,"verbatim HDS re-run, single-select; weak/near-uniform geography or answers on hard (secondary/black) colours."
354,[z],114,[z],medium,"verbatim HDS re-run, single-select; weak/near-uniform geography or answers on hard (secondary/black) colours."
354,[s],114,[s],medium,"verbatim HDS re-run, single-select; weak/near-uniform geography or answers on hard (secondary/black) colours."
355,a moot point,115,a moot point,medium,"verbatim HDS re-run, single-select; weak/near-uniform geography or answers on hard (secondary/black) colours."
355,a mute point,115,a mute point,medium,"verbatim HDS re-run, single-select; weak/near-uniform geography or answers on hard (secondary/black) colours."
355,either one of the above,115,either one of the above,medium,"verbatim HDS re-run, single-select; weak/near-uniform geography or answers on hard (secondary/black) colours."
356,"[sp] (as in ""desperate"")",116,"[sp] (as in ""desperate"")",medium,"verbatim HDS re-run, single-select; weak/near-uniform geography or answers on hard (secondary/black) colours."
356,"[zb] (rhymes with ""lesbian"")",116,"[zb] (rhymes with ""lesbian"")",medium,"verbatim HDS re-run, single-select; weak/near-uniform geography or answers on hard (secondary/black) colours."
357,basement,117,basement,high,"verbatim HDS re-run, single-select; strong lexical isogloss."
357,"A basement is finished (for example with plastered or painted walls, carpets, etc.), whereas a cellar is unfinished (made up of bare stone or cement, used only for storage).",117,"A basement is finished (for example with plastered or painted walls, carpets, etc.), whereas a cellar is unfinished (made up of bare stone or cement, used only for storage).",high,"verbatim HDS re-run, single-select; strong lexical isogloss."
357,"I use both, and they mean the same thing",117,"I use both, and they mean the same thing",high,"verbatim HDS re-run, single-select; strong lexical isogloss."
357,"A cellar has an outside entrance (some call this a ""bulkhead""), whereas a basement does not",117,"A cellar has an outside entrance (some call this a ""bulkhead""), whereas a basement does not",high,"verbatim HDS re-run, single-select; strong lexical isogloss."
357,cellar,117,cellar,high,"verbatim HDS re-run, single-select; strong lexical isogloss."
358,I have never heard of such a thing,118,I have never heard of such a thing,medium,"verbatim HDS re-run, single-select; weak/near-uniform geography or answers on hard (secondary/black) colours."
358,"we have these in my area, but we have no special term for them",118,"we have these in my area, but we have no special term for them",medium,"verbatim HDS re-run, single-select; weak/near-uniform geography or answers on hard (secondary/black) colours."
358,brew thru,118,brew thru,medium,"verbatim HDS re-run, single-select; weak/near-uniform geography or answers on hard (secondary/black) colours."
358,beer barn,118,beer barn,medium,"verbatim HDS re-run, single-select; weak/near-uniform geography or answers on hard (secondary/black) colours."
359,take-out,119,take-out,high,"verbatim HDS re-run, single-select; strong lexical isogloss."
359,either take-out or carry-out,119,either take-out or carry-out,high,"verbatim HDS re-run, single-select; strong lexical isogloss."
359,carry-out,119,carry-out,high,"verbatim HDS re-run, single-select; strong lexical isogloss."
360,shotgun,120,shotgun,high,"verbatim HDS re-run, single-select; strong lexical isogloss."
360,dibs,120,dibs,high,"verbatim HDS re-run, single-select; strong lexical isogloss."
361,ogle,121,ogle,medium,"verbatim HDS re-run, single-select; weak/near-uniform geography or answers on hard (secondary/black) colours."
361,"oggle (pronounced to rhyme with ""boggle"", but may still be spelled ""ogle"")",121,"oggle (pronounced to rhyme with ""boggle"", but may still be spelled ""ogle"")",medium,"verbatim HDS re-run, single-select; weak/near-uniform geography or answers on hard (secondary/black) colours."
361,oogle,121,oogle,medium,"verbatim HDS re-run, single-select; weak/near-uniform geography or answers on hard (secondary/black) colours."
361,I have no word for this activity,121,I have no word for this activity,medium,"verbatim HDS re-run, single-select; weak/near-uniform geography or answers on hard (secondary/black) colours."
361,I use both oogle and ogle interchangeably,121,I use both oogle and ogle interchangeably,medium,"verbatim HDS re-run, single-select; weak/near-uniform geography or answers on hard (secondary/black) colours."
361,"I use both ogle and ""oggle""",121,"I use both ogle and ""oggle""",medium,"verbatim HDS re-run, single-select; weak/near-uniform geography or answers on hard (secondary/black) colours."
362,especially,122,especially,medium,"verbatim HDS re-run, single-select; weak/near-uniform geography or answers on hard (secondary/black) colours."
362,"expecially (or ""ecspecially"" or ""ekspecially"")",122,"expecially (or ""ecspecially"" or ""ekspecially"")",medium,"verbatim HDS re-run, single-select; weak/near-uniform geography or answers on hard (secondary/black) colours."
362,I use both interchangeably,122,I use both interchangeably,medium,"verbatim HDS re-run, single-select; weak/near-uniform geography or answers on hard (secondary/black) colours."
1,sub (or submarine),64,sub,medium,"featured MULTI-SELECT sandwich; % are share-of-respondents-selecting, not mutually exclusive -- not comparable to HDS single-select shares. Use verbatim C304 instead for validation."
1,hoagie,64,hoagie,medium,"featured MULTI-SELECT sandwich; % are share-of-respondents-selecting, not mutually exclusive -- not comparable to HDS single-select shares. Use verbatim C304 instead for validation."
1,hero,64,hero,medium,"featured MULTI-SELECT sandwich; % are share-of-respondents-selecting, not mutually exclusive -- not comparable to HDS single-select shares. Use verbatim C304 instead for validation."
1,poor boy (or po-boy),64,poor boy,medium,"featured MULTI-SELECT sandwich; % are share-of-respondents-selecting, not mutually exclusive -- not comparable to HDS single-select shares. Use verbatim C304 instead for validation."
2,soda,105,soda,medium,featured MULTI-SELECT carbonated beverage; co-selected answers co-locate as overlapping dots and alias to secondary colours. Use verbatim C345 for validation.
2,pop,105,pop,medium,featured MULTI-SELECT carbonated beverage; co-selected answers co-locate as overlapping dots and alias to secondary colours. Use verbatim C345 for validation.
2,coke,105,coke,medium,featured MULTI-SELECT carbonated beverage; co-selected answers co-locate as overlapping dots and alias to secondary colours. Use verbatim C345 for validation.
2,soft drink,105,soft drink,medium,featured MULTI-SELECT carbonated beverage; co-selected answers co-locate as overlapping dots and alias to secondary colours. Use verbatim C345 for validation.
2,soda pop,105,soda,medium,featured MULTI-SELECT carbonated beverage; co-selected answers co-locate as overlapping dots and alias to secondary colours. Use verbatim C345 for validation.
7,tennis shoes or tennishoes,73,tennis shoes,medium,featured sneakers; answer set reworded vs HDS q73. Verbatim twin is C313.
7,sneakers or sneaks,73,sneakers,medium,featured sneakers; answer set reworded vs HDS q73. Verbatim twin is C313.
7,running shoes,73,running shoes,medium,featured sneakers; answer set reworded vs HDS q73. Verbatim twin is C313.
7,shoes,73,shoes,medium,featured sneakers; answer set reworded vs HDS q73. Verbatim twin is C313.
7,trainers,73,trainers,medium,featured sneakers; answer set reworded vs HDS q73. Verbatim twin is C313.
13,crawfish,66,crawfish,medium,featured crawfish; verbatim twin C306.
13,crayfish,66,crayfish,medium,featured crawfish; verbatim twin C306.
13,"crawdad, crawdaddy",66,crawdad,medium,featured crawfish; verbatim twin C306.
20,you guys,50,you guys,medium,"featured address-a-group; adds 'all y'all','you people'; verbatim twin C290."
20,"y'all, ya'll",50,y'all,medium,"featured address-a-group; adds 'all y'all','you people'; verbatim twin C290."
20,you all,50,you all,medium,"featured address-a-group; adds 'all y'all','you people'; verbatim twin C290."
20,you,50,you,medium,"featured address-a-group; adds 'all y'all','you people'; verbatim twin C290."
20,you people,50,you,medium,"featured address-a-group; adds 'all y'all','you people'; verbatim twin C290."
21,"roly poly, rollie pollie, rolly polly",74,roly poly,medium,featured roly-poly; verbatim twin C314.
21,pillbug,74,pill bug,medium,featured roly-poly; verbatim twin C314.
21,potato bug,74,potato bug,medium,featured roly-poly; verbatim twin C314.
21,sow bug,74,sow bug,medium,featured roly-poly; verbatim twin C314.
30,sunshower,80,sunshower,medium,featured sunshower; verbatim twin C320.
30,"the devil is beating his wife, the devil is whipping his wife",80,the devil is beating his wife,medium,featured sunshower; verbatim twin C320.
30,liquid sun(shine),80,liquid sun,medium,featured sunshower; verbatim twin C320.
31,"sleep, sleeps, eye sleep",82,sleep,medium,featured eye-matter; verbatim twin C322.
31,"gunk, eye gunk, sleep gunk, guck, eye guck",82,gunk,medium,featured eye-matter; verbatim twin C322.
31,"sleepies, sleepy",82,sleep,medium,featured eye-matter; verbatim twin C322.
31,sand,82,sand,medium,featured eye-matter; verbatim twin C322.
68,garage sale,58,garage sale,medium,featured yard/garage sale; verbatim twin C298.
68,yard sale,58,yard sale,medium,featured yard/garage sale; verbatim twin C298.
68,"yard sale and garage sale are interchangeable, but I wouldn't use any of the others",58,yard sale,medium,featured yard/garage sale; verbatim twin C298.
68,rummage sale,58,rummage sale,medium,featured yard/garage sale; verbatim twin C298.
68,tag sale,58,tag sale,medium,featured yard/garage sale; verbatim twin C298.
68,car boot sale,58,car boot sale,medium,featured yard/garage sale; verbatim twin C298.
69,shopping cart,75,shopping cart,medium,featured shopping cart; verbatim twin C315.
69,grocery cart,75,grocery cart,medium,featured shopping cart; verbatim twin C315.
69,"buggy, shopping buggy",75,buggy,medium,featured shopping cart; verbatim twin C315.
69,"carriage, shopping carriage",75,carriage,medium,featured shopping cart; verbatim twin C315.
70,roundabout,84,roundabout,medium,featured roundabout/traffic circle; verbatim twin C324.
70,traffic circle,84,traffic circle,medium,featured roundabout/traffic circle; verbatim twin C324.
70,rotary,84,rotary,medium,featured roundabout/traffic circle; verbatim twin C324.
70,circle,84,circle,medium,featured roundabout/traffic circle; verbatim twin C324.
76,dinner,96,dinner takes place in a more formal setting than supper,medium,featured dinner/supper; verbatim twin C336.
76,supper,96,"supper is an evening meal while dinner is eaten earlier (lunch, for example)",medium,featured dinner/supper; verbatim twin C336.
76,"supper informally, and dinner in formal situations",96,"supper is an evening meal while dinner is eaten earlier (lunch, for example)",medium,featured dinner/supper; verbatim twin C336.
76,supper is an evening meal while dinner is eaten earlier,96,"supper is an evening meal while dinner is eaten earlier (lunch, for example)",medium,featured dinner/supper; verbatim twin C336.
76,dinner is a big meal; supper is a lighter meal,96,dinner takes place in a more formal setting than supper,medium,featured dinner/supper; verbatim twin C336.
78,(all),-,,reject,upholstered seat couch/sofa: no HDS counterpart.
79,beer store,118,beer barn,low,featured liquor store; HDS q118 is a *drive-through* liquor store specifically -- only partially comparable.
79,party store,118,party barn,low,featured liquor store; HDS q118 is a *drive-through* liquor store specifically -- only partially comparable.
84,take-out,119,take-out,medium,featured take-out; verbatim twin C359.
84,carry-out,119,carry-out,medium,featured take-out; verbatim twin C359.
84,take-away,119,take-out,medium,featured take-out; verbatim twin C359.
240,pop,105,pop,medium,extra 'Pop or soda?' forced-choice; narrower answer set than HDS q105. Verbatim twin is C345.
240,soda,105,soda,medium,extra 'Pop or soda?' forced-choice; narrower answer set than HDS q105. Verbatim twin is C345.
240,coke,105,coke,medium,extra 'Pop or soda?' forced-choice; narrower answer set than HDS q105. Verbatim twin is C345.
240,soft drink,105,soft drink,medium,extra 'Pop or soda?' forced-choice; narrower answer set than HDS q105. Verbatim twin is C345.
67,(all),-,,reject,aunt-vowel: recoded into 7 fine phonetic distinctions; HDS q1 codes aunt differently. Verbatim twin C241 is the clean map.
71,(all),-,,reject,rhoticity (pronounce r in car/cart): not an HDS question.
72,(all),-,,reject,linking/intrusive r in 'sawing': not an HDS question.
73,(all),-,,reject,intrusive r in 'blah-ish': not an HDS question.
74,(all),-,,reject,intrusive r in 'Shah of': not an HDS question.
75,(all),-,,reject,which/witch (wine-whine merger): not an HDS question.
77,(all),-,,reject,"queue vs line: UK-oriented, verbatim twin C333 is the map."
80,(all),-,,reject,restroom/bathroom/toilet: no HDS counterpart.
81,(all),-,,reject,emergency/parking brake: no HDS counterpart.
82,(all),-,,reject,stick-shift/manual: no HDS counterpart.
83,(all),-,,reject,pacifier/binky: no HDS counterpart.
85,(all),-,,reject,waterbug/water strider: verbatim twin C342 maps to HDS q102.
86,(all),-,,reject,alley/alleyway: no HDS counterpart.
87,(all),-,,reject,ATM/cash machine: no HDS counterpart.
88,(all),-,,reject,pinkie toe/little toe: no HDS counterpart.
89,(all),-,,reject,green onion/scallion: no HDS counterpart.
90,(all),-,,reject,"scone pronunciation: UK-oriented, no HDS counterpart."
91,(all),-,,reject,roll/bun: no HDS counterpart.
92,(all),-,,reject,"last vowel (TRAP-BATH): UK-oriented, no HDS counterpart."
93,(all),-,,reject,"ginnel/snicket: UK-only, ~0% US signal."
94,(all),-,,reject,chav/townie: UK-only.
95,(all),-,,reject,aitch/haitch: UK-oriented.
96,(all),-,,reject,underwear/knickers: no HDS counterpart.
99,(all),-,,reject,schedule sk/sh: UK-oriented.
100,(all),-,,reject,pants/trousers: UK-oriented.
104,(all),-,,reject,chip butty: UK-only.
106,(all),-,,reject,garbage man/bin man: bin man is UK; no clean HDS counterpart.
110,(all),-,,reject,drying rack/clothes horse: no HDS counterpart.
112,(all),-,,reject,soccer/football: no HDS counterpart.
114,(all),-,,reject,"truce/pax/barley: UK-oriented, no HDS counterpart."
115,(all),-,,reject,woodlouse/slater: UK-oriented; verbatim twin C314 maps to HDS q74.
