state,question,n
AK,1,48
AK,6,47
AK,9,47
AK,10,47
AK,12,48
AK,17,47
AK,21,47
AK,26,47
AK,27,46
AK,31,47
AK,32,45
AK,34,46
AK,41,47
AK,44,46
AK,47,45
AK,50,45
AK,58,46
AK,59,46
AK,61,46
AK,62,46
AK,68,44
AK,69,45
AK,70,46
AK,74,46
AK,77,44
AK,79,46
AK,82,45
AK,84,46
AK,85,43
AK,88,45
AK,89,46
AK,91,15
AK,95,44
AK,96,46
AK,97,46
AK,99,44
AK,102,45
AK,104,45
AK,105,46
AK,107,46
AK,121,46
AL,1,241
AL,11,239
AL,18,237
AL,21,235
AL,26,235
AL,29,234
AL,32,234
AL,34,232
AL,41,232
AL,50,228
AL,59,230
AL,61,225
AL,66,229
AL,68,219
AL,69,216
AL,70,220
AL,72,225
AL,73,228
AL,76,229
AL,79,222
AL,80,229
AL,81,226
AL,82,228
AL,83,211
AL,84,228
AL,85,219
AL,88,228
AL,89,229
AL,91,229
AL,96,228
AL,97,227
AL,99,228
AL,101,227
AL,102,227
AL,105,228
AL,106,227
AL,107,228
AL,117,228
AL,118,224
AL,121,227
AR,1,142
AR,4,141
AR,6,139
AR,17,139
AR,19,142
AR,21,142
AR,24,141
AR,26,140
AR,29,138
AR,32,138
AR,34,68
AR,35,133
AR,41,135
AR,50,133
AR,59,131
AR,61,133
AR,67,131
AR,68,126
AR,70,123
AR,74,133
AR,75,132
AR,76,132
AR,79,132
AR,80,133
AR,82,133
AR,83,120
AR,84,132
AR,88,132
AR,89,133
AR,94,133
AR,96,132
AR,97,66
AR,99,133
AR,101,133
AR,102,133
AR,106,132
AR,107,133
AR,110,132
AR,115,133
AR,117,133
AR,121,133
AZ,1,195
AZ,17,189
AZ,18,189
AZ,21,188
AZ,24,185
AZ,26,185
AZ,29,184
AZ,31,184
AZ,32,183
AZ,41,181
AZ,50,181
AZ,59,179
AZ,60,179
AZ,65,181
AZ,66,180
AZ,68,175
AZ,69,172
AZ,70,176
AZ,73,180
AZ,74,181
AZ,76,179
AZ,79,179
AZ,80,179
AZ,82,179
AZ,84,180
AZ,88,180
AZ,89,181
AZ,91,181
AZ,95,166
AZ,96,181
AZ,98,181
AZ,102,181
AZ,105,179
AZ,107,181
AZ,117,181
AZ,118,178
AZ,121,179
CA,1,2101
CA,21,2031
CA,50,1956
CA,59,1944
CA,60,1916
CA,61,1923
CA,62,1943
CA,73,1946
CA,74,1938
CA,79,1947
CA,82,1930
CA,107,1935
CA,111,1939
CA,117,1947
CA,121,1934
CO,4,377
CO,9,372
CO,10,373
CO,21,369
CO,49,174
CO,50,354
CO,59,350
CO,60,343
CO,61,341
CO,68,337
CO,69,330
CO,70,334
CO,73,345
CO,76,347
CO,80,346
CO,82,341
CO,83,297
CO,84,338
CO,85,333
CO,88,343
CO,96,344
CO,97,340
CO,99,342
CO,102,340
CO,107,339
CO,111,341
CO,117,339
CO,118,331
CO,121,339
CT,1,598
CT,8,590
CT,11,588
CT,21,575
CT,41,562
CT,58,560
CT,59,556
CT,66,556
CT,68,545
CT,69,524
CT,70,517
CT,74,553
CT,75,556
CT,76,556
CT,79,553
CT,82,549
CT,88,555
CT,96,554
CT,97,556
CT,99,553
CT,102,553
CT,106,553
CT,107,554
CT,110,542
CT,121,554
DC,3,87
DC,12,87
DC,18,43
DC,21,85
DC,26,85
DC,29,85
DC,33,83
DC,34,82
DC,41,82
DC,44,81
DC,46,82
DC,49,82
DC,50,81
DC,58,82
DC,59,81
DC,60,80
DC,61,79
DC,62,82
DC,66,81
DC,68,78
DC,69,74
DC,71,68
DC,72,79
DC,73,82
DC,74,82
DC,78,41
DC,79,82
DC,80,81
DC,82,81
DC,83,74
DC,84,82
DC,88,81
DC,89,27
DC,94,82
DC,96,81
DC,99,81
DC,100,78
DC,102,81
DC,105,82
DC,106,81
DC,107,82
DC,110,80
DC,111,81
DC,117,81
DC,118,78
DC,121,81
DE,2,49
DE,3,49
DE,6,48
DE,9,49
DE,12,49
DE,15,49
DE,16,48
DE,17,48
DE,18,48
DE,21,48
DE,23,48
DE,24,48
DE,26,48
DE,29,46
DE,31,47
DE,32,47
DE,34,23
DE,44,21
DE,50,43
DE,61,42
DE,66,44
DE,68,41
DE,69,39
DE,70,41
DE,72,44
DE,74,44
DE,76,44
DE,82,43
DE,84,44
DE,85,44
DE,88,43
DE,90,44
DE,96,44
DE,99,44
DE,102,43
DE,106,44
DE,107,44
DE,111,44
DE,117,44
DE,118,43
DE,120,44
DE,121,44
FL,1,680
FL,21,651
FL,29,642
FL,41,624
FL,50,617
FL,58,618
FL,59,615
FL,60,611
FL,61,601
FL,68,611
FL,70,588
FL,73,613
FL,74,616
FL,76,617
FL,79,609
FL,82,608
FL,83,535
FL,84,611
FL,88,614
FL,96,614
FL,99,610
FL,102,606
FL,105,612
FL,107,610
FL,111,611
FL,117,610
FL,118,597
GA,9,376
GA,21,371
GA,41,359
GA,50,357
GA,59,355
GA,60,353
GA,61,351
GA,62,354
GA,64,356
GA,68,349
GA,73,353
GA,76,354
GA,79,354
GA,80,355
GA,82,354
GA,83,325
GA,84,351
GA,88,355
GA,97,176
GA,102,353
GA,104,347
GA,105,353
GA,106,352
GA,107,346
GA,117,354
GA,118,347
GA,121,352
HI,1,56
HI,2,28
HI,3,56
HI,4,56
HI,12,55
HI,15,56
HI,16,56
HI,17,56
HI,21,56
HI,23,56
HI,26,56
HI,29,56
HI,34,55
HI,35,56
HI,41,56
HI,44,56
HI,50,57
HI,58,57
HI,59,57
HI,62,56
HI,65,57
HI,66,57
HI,68,56
HI,69,55
HI,70,55
HI,73,57
HI,74,56
HI,76,56
HI,80,11
HI,82,56
HI,84,55
HI,85,55
HI,88,55
HI,95,52
HI,96,56
HI,97,56
HI,99,54
HI,100,54
HI,101,56
HI,102,56
HI,106,56
HI,107,56
HI,111,56
HI,117,55
HI,121,54
IA,21,409
IA,41,400
IA,58,395
IA,59,392
IA,60,393
IA,61,389
IA,66,393
IA,70,387
IA,71,375
IA,73,393
IA,74,396
IA,79,389
IA,82,391
IA,83,312
IA,84,393
IA,88,393
IA,96,394
IA,97,392
IA,99,392
IA,100,388
IA,102,391
IA,107,391
IA,111,390
IA,115,391
IA,118,383
IA,121,388
ID,6,135
ID,11,68
ID,12,134
ID,15,136
ID,17,136
ID,18,135
ID,21,131
ID,24,132
ID,26,133
ID,32,134
ID,41,131
ID,59,127
ID,60,128
ID,64,130
ID,68,127
ID,69,128
ID,70,128
ID,73,131
ID,74,130
ID,75,132
ID,77,63
ID,78,131
ID,79,131
ID,82,132
ID,83,114
ID,84,130
ID,85,126
ID,96,130
ID,98,131
ID,99,130
ID,102,129
ID,104,132
ID,105,132
ID,106,129
ID,107,129
ID,111,130
ID,117,130
ID,121,131
IL,4,1367
IL,21,1325
IL,26,1314
IL,32,1301
IL,41,1296
IL,50,1289
IL,59,1279
IL,60,1249
IL,61,1257
IL,66,1278
IL,70,1238
IL,74,1282
IL,79,1286
IL,82,1278
IL,84,1280
IL,88,1277
IL,97,1282
IL,99,1281
IL,102,1284
IL,107,1277
IL,111,1283
IN,21,867
IN,59,839
IN,60,827
IN,61,819
IN,62,841
IN,67,840
IN,68,817
IN,70,814
IN,73,836
IN,74,834
IN,76,837
IN,79,831
IN,82,828
IN,84,833
IN,98,834
IN,99,834
IN,102,829
IN,107,827
IN,118,812
IN,121,416
KS,18,1024
KS,21,1018
KS,32,1006
KS,41,1002
KS,59,992
KS,60,985
KS,64,993
KS,68,988
KS,70,970
KS,74,994
KS,79,992
KS,82,986
KS,84,991
KS,99,991
KS,102,988
KS,106,989
KS,107,982
KS,118,978
KS,121,989
KY,9,315
KY,17,309
KY,18,309
KY,21,308
KY,41,300
KY,50,300
KY,59,298
KY,60,298
KY,61,288
KY,64,296
KY,66,296
KY,68,287
KY,69,280
KY,70,285
KY,73,298
KY,74,297
KY,76,296
KY,80,293
KY,82,298
KY,83,267
KY,84,296
KY,85,286
KY,88,297
KY,91,298
KY,96,297
KY,99,295
KY,102,295
KY,106,295
KY,107,293
KY,115,98
KY,118,290
KY,121,295
LA,21,322
LA,24,161
LA,26,323
LA,29,322
LA,32,322
LA,34,318
LA,41,318
LA,59,311
LA,60,310
LA,61,309
LA,64,314
LA,68,302
LA,69,287
LA,70,300
LA,72,316
LA,75,318
LA,76,316
LA,82,316
LA,83,295
LA,84,315
LA,85,301
LA,88,316
LA,96,316
LA,99,315
LA,102,313
LA,105,316
LA,106,317
LA,107,316
LA,110,313
LA,111,314
LA,118,309
MA,21,872
MA,26,868
MA,34,861
MA,41,843
MA,50,844
MA,58,842
MA,59,839
MA,61,826
MA,62,833
MA,64,839
MA,68,810
MA,70,789
MA,72,821
MA,74,830
MA,75,827
MA,82,829
MA,88,822
MA,96,830
MA,99,827
MA,102,825
MA,104,821
MA,105,832
MA,106,828
MA,107,829
MA,110,824
MA,111,830
MA,118,819
MA,121,827
MD,1,410
MD,3,410
MD,4,411
MD,21,397
MD,41,387
MD,58,385
MD,59,384
MD,60,381
MD,61,376
MD,68,376
MD,70,371
MD,72,384
MD,74,384
MD,76,381
MD,80,381
MD,82,376
MD,83,325
MD,84,381
MD,88,380
MD,96,381
MD,99,378
MD,102,375
MD,104,378
MD,105,381
MD,106,381
MD,107,380
MD,111,381
MD,118,373
MD,121,379
ME,1,111
ME,3,110
ME,4,111
ME,9,111
ME,15,109
ME,16,108
ME,17,107
ME,26,107
ME,29,107
ME,32,103
ME,41,104
ME,46,101
ME,50,102
ME,59,101
ME,60,98
ME,62,101
ME,64,101
ME,68,96
ME,69,95
ME,70,90
ME,74,98
ME,76,98
ME,79,98
ME,80,100
ME,82,98
ME,83,76
ME,84,100
ME,85,95
ME,88,97
ME,89,100
ME,94,100
ME,96,99
ME,99,100
ME,102,98
ME,103,100
ME,104,99
ME,107,100
ME,111,99
ME,117,101
ME,118,96
ME,120,100
ME,121,100
MI,1,934
MI,21,916
MI,26,905
MI,58,864
MI,59,857
MI,60,847
MI,61,849
MI,66,861
MI,73,861
MI,74,856
MI,79,861
MI,82,858
MI,91,862
MI,97,857
MI,99,848
MI,102,860
MI,106,856
MI,107,855
MI,110,861
MI,118,848
MN,1,662
MN,15,650
MN,21,640
MN,50,620
MN,59,619
MN,60,596
MN,61,601
MN,66,614
MN,68,602
MN,69,604
MN,70,601
MN,73,618
MN,74,612
MN,79,617
MN,82,606
MN,84,611
MN,85,589
MN,88,610
MN,96,608
MN,99,607
MN,102,610
MN,107,598
MN,111,609
MN,118,598
MN,121,609
MO,21,1427
MO,50,1384
MO,59,1360
MO,60,1357
MO,64,1372
MO,70,1331
MO,74,1366
MO,75,1367
MO,79,1357
MO,80,1356
MO,82,1349
MO,83,1191
MO,84,1354
MO,94,1350
MO,99,1327
MO,102,1338
MO,107,1335
MO,120,1340
MS,8,124
MS,11,124
MS,17,122
MS,21,119
MS,23,117
MS,24,118
MS,26,117
MS,29,117
MS,32,117
MS,34,117
MS,35,116
MS,41,117
MS,58,116
MS,59,116
MS,61,114
MS,64,115
MS,66,114
MS,67,114
MS,68,111
MS,69,103
MS,70,112
MS,73,114
MS,75,114
MS,76,115
MS,79,114
MS,81,115
MS,82,113
MS,83,109
MS,84,115
MS,85,107
MS,88,115
MS,91,114
MS,95,106
MS,96,114
MS,98,114
MS,99,114
MS,100,112
MS,105,114
MS,107,57
MS,111,114
MS,118,114
MS,120,114
MS,121,113
MT,4,287
MT,9,287
MT,15,286
MT,21,283
MT,26,280
MT,32,281
MT,34,281
MT,41,279
MT,47,278
MT,59,277
MT,61,275
MT,65,278
MT,68,274
MT,70,273
MT,73,278
MT,74,278
MT,79,274
MT,80,276
MT,82,272
MT,83,218
MT,84,273
MT,85,266
MT,88,274
MT,91,276
MT,102,270
MT,107,272
MT,111,277
MT,117,276
MT,118,268
MT,121,276
NC,11,165
NC,15,332
NC,21,324
NC,32,322
NC,47,312
NC,50,313
NC,59,309
NC,61,301
NC,68,298
NC,70,299
NC,73,312
NC,74,310
NC,76,310
NC,79,311
NC,82,307
NC,83,291
NC,84,312
NC,85,299
NC,88,308
NC,96,310
NC,99,305
NC,102,309
NC,105,310
NC,107,310
NC,111,308
NC,112,310
NC,117,311
NC,121,309
ND,1,120
ND,3,120
ND,6,117
ND,12,120
ND,15,120
ND,17,117
ND,21,115
ND,24,116
ND,26,117
ND,29,116
ND,32,115
ND,41,115
ND,44,114
ND,58,113
ND,59,112
ND,60,113
ND,62,114
ND,65,114
ND,66,114
ND,68,113
ND,69,111
ND,70,112
ND,71,110
ND,72,112
ND,73,112
ND,74,114
ND,75,114
ND,79,114
ND,82,114
ND,83,100
ND,84,114
ND,85,110
ND,89,113
ND,91,114
ND,94,57
ND,96,112
ND,97,114
ND,100,114
ND,102,113
ND,106,113
ND,107,113
ND,110,113
ND,111,113
ND,115,113
ND,117,114
ND,120,114
ND,121,112
NE,4,181
NE,8,180
NE,16,36
NE,17,90
NE,21,178
NE,23,60
NE,26,179
NE,27,89
NE,41,88
NE,58,176
NE,59,175
NE,60,173
NE,61,172
NE,66,172
NE,69,171
NE,70,171
NE,74,170
NE,76,170
NE,79,169
NE,82,170
NE,84,169
NE,88,167
NE,96,169
NE,97,168
NE,98,169
NE,99,165
NE,102,165
NE,104,166
NE,107,168
NE,108,168
NE,111,168
NE,117,164
NE,121,164
NH,1,121
NH,2,30
NH,4,122
NH,6,120
NH,8,122
NH,11,120
NH,21,117
NH,24,118
NH,29,117
NH,41,113
NH,50,113
NH,59,112
NH,60,111
NH,62,111
NH,66,113
NH,68,109
NH,69,105
NH,70,107
NH,71,101
NH,72,112
NH,74,110
NH,75,112
NH,76,112
NH,79,112
NH,82,111
NH,89,111
NH,94,111
NH,96,111
NH,97,110
NH,99,111
NH,102,109
NH,105,111
NH,106,111
NH,107,111
NH,110,111
NH,120,110
NH,121,111
NJ,11,823
NJ,21,799
NJ,59,766
NJ,61,755
NJ,68,740
NJ,70,726
NJ,74,761
NJ,82,753
NJ,83,675
NJ,99,756
NJ,102,750
NJ,106,755
NJ,107,756
NJ,110,755
NJ,112,151
NJ,118,739
NM,1,118
NM,6,117
NM,8,119
NM,11,119
NM,15,119
NM,21,117
NM,24,117
NM,26,117
NM,32,114
NM,34,114
NM,41,114
NM,46,57
NM,50,114
NM,59,114
NM,61,113
NM,68,109
NM,69,107
NM,70,108
NM,71,101
NM,73,112
NM,74,112
NM,76,112
NM,79,111
NM,82,109
NM,83,44
NM,84,110
NM,85,111
NM,88,112
NM,91,112
NM,94,113
NM,96,113
NM,97,113
NM,98,111
NM,99,112
NM,102,112
NM,105,112
NM,106,112
NM,107,112
NM,112,112
NM,117,112
NM,118,110
NV,2,66
NV,4,67
NV,8,67
NV,9,67
NV,17,67
NV,18,66
NV,21,66
NV,29,67
NV,32,67
NV,33,67
NV,34,67
NV,41,65
NV,50,64
NV,59,63
NV,61,61
NV,62,32
NV,66,64
NV,68,61
NV,69,63
NV,70,64
NV,73,65
NV,74,64
NV,76,65
NV,79,64
NV,80,65
NV,82,65
NV,84,65
NV,85,63
NV,88,64
NV,89,65
NV,91,65
NV,94,64
NV,96,64
NV,97,64
NV,98,65
NV,99,65
NV,102,62
NV,107,64
NV,112,65
NV,115,64
NV,118,63
NV,121,63
NY,41,1661
NY,50,1659
NY,58,1640
NY,59,1638
NY,60,1639
NY,61,1624
NY,62,1646
NY,64,1645
NY,70,1570
NY,74,1637
NY,76,1645
NY,79,1640
NY,82,1636
NY,88,1627
NY,102,1637
NY,107,1642
NY,111,1638
NY,118,1614
NY,121,1636
OH,21,1031
OH,41,994
OH,50,991
OH,59,982
OH,60,984
OH,73,993
OH,74,991
OH,79,987
OH,82,985
OH,88,982
OH,99,985
OH,102,979
OH,107,982
OK,11,121
OK,17,235
OK,21,236
OK,26,235
OK,27,235
OK,32,236
OK,41,233
OK,50,233
OK,59,231
OK,60,230
OK,61,225
OK,66,233
OK,70,227
OK,72,230
OK,76,233
OK,79,232
OK,82,232
OK,84,231
OK,88,231
OK,89,233
OK,96,232
OK,101,233
OK,102,232
OK,106,234
OK,107,234
OK,117,234
OK,118,232
OK,121,231
OR,16,179
OR,21,355
OR,41,348
OR,50,342
OR,58,342
OR,59,342
OR,60,336
OR,61,334
OR,71,324
OR,73,339
OR,74,340
OR,76,342
OR,79,341
OR,82,343
OR,88,340
OR,96,342
OR,99,343
OR,102,334
OR,107,344
OR,111,343
OR,117,345
OR,118,334
OR,120,343
PA,10,1568
PA,32,1510
PA,41,1501
PA,50,1495
PA,58,1492
PA,59,1484
PA,62,1487
PA,64,1489
PA,68,1429
PA,70,1401
PA,74,1485
PA,76,1486
PA,79,1483
PA,80,1482
PA,82,1468
PA,84,1486
PA,94,1494
PA,97,1492
PA,99,1479
PA,102,1480
PA,106,1484
PA,107,1482
PA,110,1485
PA,111,1489
PA,118,1450
PA,121,743
RI,1,104
RI,3,104
RI,6,102
RI,8,103
RI,9,103
RI,11,101
RI,14,102
RI,16,102
RI,17,102
RI,18,100
RI,19,100
RI,21,100
RI,24,99
RI,26,100
RI,29,100
RI,32,100
RI,34,99
RI,41,100
RI,50,100
RI,59,97
RI,60,98
RI,61,98
RI,64,98
RI,66,96
RI,68,94
RI,69,93
RI,70,92
RI,74,98
RI,75,98
RI,76,97
RI,78,98
RI,79,98
RI,82,96
RI,83,88
RI,84,97
RI,85,96
RI,88,98
RI,96,97
RI,97,98
RI,99,95
RI,102,97
RI,106,98
RI,107,97
RI,110,98
RI,117,97
RI,118,97
RI,121,96
SC,4,146
SC,8,147
SC,11,147
SC,12,145
SC,14,146
SC,15,147
SC,17,145
SC,21,146
SC,26,145
SC,29,71
SC,32,145
SC,41,144
SC,44,144
SC,50,71
SC,59,137
SC,60,136
SC,61,133
SC,68,135
SC,70,135
SC,73,138
SC,75,69
SC,76,138
SC,78,69
SC,82,134
SC,83,126
SC,84,136
SC,88,136
SC,94,137
SC,96,136
SC,99,137
SC,102,135
SC,105,136
SC,106,136
SC,107,137
SC,111,137
SC,118,135
SC,121,135
SD,1,212
SD,10,209
SD,11,206
SD,17,104
SD,18,209
SD,21,207
SD,26,209
SD,31,104
SD,41,208
SD,50,208
SD,59,204
SD,60,197
SD,61,206
SD,62,208
SD,66,206
SD,68,207
SD,69,204
SD,70,208
SD,71,203
SD,72,206
SD,73,207
SD,74,206
SD,75,208
SD,79,203
SD,81,208
SD,82,206
SD,83,178
SD,84,206
SD,85,199
SD,88,205
SD,96,207
SD,97,206
SD,99,207
SD,101,206
SD,102,206
SD,105,207
SD,106,206
SD,107,205
SD,108,204
SD,111,207
SD,112,205
SD,117,207
SD,118,204
SD,121,206
TN,3,348
TN,6,170
TN,15,344
TN,21,337
TN,24,334
TN,34,329
TN,41,325
TN,46,323
TN,50,325
TN,59,323
TN,61,314
TN,68,157
TN,69,306
TN,70,303
TN,71,283
TN,73,322
TN,76,321
TN,79,319
TN,80,323
TN,81,323
TN,82,319
TN,83,301
TN,88,323
TN,91,324
TN,96,323
TN,99,322
TN,102,323
TN,104,320
TN,105,326
TN,107,327
TN,117,329
TN,121,326
TX,21,1471
TX,41,1415
TX,50,1412
TX,59,1404
TX,60,1397
TX,64,1404
TX,66,1401
TX,70,1362
TX,73,1400
TX,74,1402
TX,76,1401
TX,79,1403
TX,80,1401
TX,82,1396
TX,88,1403
TX,99,1400
TX,102,1400
TX,104,1390
TX,105,1400
TX,106,1405
TX,107,1396
TX,111,1410
TX,117,1404
TX,118,1393
TX,121,1400
UT,11,173
UT,15,171
UT,21,173
UT,24,171
UT,26,171
UT,29,169
UT,34,166
UT,41,165
UT,49,165
UT,50,165
UT,59,162
UT,60,158
UT,64,163
UT,68,161
UT,69,159
UT,70,162
UT,71,157
UT,72,80
UT,73,161
UT,79,161
UT,80,161
UT,82,159
UT,84,161
UT,88,157
UT,90,160
UT,91,161
UT,94,161
UT,95,143
UT,96,161
UT,97,161
UT,98,162
UT,102,153
UT,104,157
UT,105,80
UT,111,161
UT,117,161
VA,1,545
VA,21,537
VA,41,517
VA,59,510
VA,60,509
VA,61,497
VA,62,510
VA,68,496
VA,70,497
VA,74,508
VA,75,510
VA,79,511
VA,82,509
VA,89,508
VA,94,503
VA,95,484
VA,99,509
VA,101,504
VA,102,504
VA,104,506
VA,105,509
VA,106,509
VA,107,509
VA,111,510
VA,117,509
VA,121,508
VT,3,80
VT,4,79
VT,6,77
VT,9,78
VT,12,78
VT,15,39
VT,16,78
VT,21,77
VT,23,77
VT,26,76
VT,29,76
VT,31,76
VT,32,76
VT,34,76
VT,35,75
VT,41,76
VT,44,76
VT,50,76
VT,58,38
VT,59,76
VT,60,76
VT,61,74
VT,66,76
VT,68,74
VT,69,74
VT,70,73
VT,72,76
VT,74,76
VT,78,75
VT,79,74
VT,82,76
VT,83,66
VT,84,76
VT,85,74
VT,88,76
VT,89,76
VT,90,38
VT,91,76
VT,96,76
VT,99,76
VT,101,75
VT,102,75
VT,103,76
VT,106,76
VT,107,76
VT,110,76
VT,111,76
VT,117,76
VT,121,75
WA,9,426
WA,18,1264
WA,21,1258
WA,32,1247
WA,59,1229
WA,60,1191
WA,70,1190
WA,73,1220
WA,74,1221
WA,82,1218
WA,94,1219
WA,99,1210
WA,102,1198
WA,107,1209
WA,118,1187
WA,121,1213
WI,18,874
WI,21,868
WI,50,837
WI,59,833
WI,60,832
WI,61,827
WI,62,836
WI,66,837
WI,68,829
WI,73,837
WI,74,838
WI,79,829
WI,80,828
WI,82,825
WI,83,726
WI,88,816
WI,95,732
WI,96,813
WI,99,807
WI,102,806
WI,106,803
WI,107,795
WI,110,792
WI,111,803
WI,118,791
WI,120,791
WI,121,795
WV,3,127
WV,8,126
WV,10,126
WV,11,126
WV,14,126
WV,15,125
WV,16,125
WV,17,125
WV,21,125
WV,26,123
WV,34,120
WV,41,120
WV,50,120
WV,58,120
WV,59,119
WV,60,119
WV,64,118
WV,66,120
WV,68,117
WV,69,112
WV,70,117
WV,71,106
WV,73,120
WV,74,119
WV,76,119
WV,79,118
WV,81,120
WV,82,120
WV,84,119
WV,85,113
WV,88,120
WV,96,119
WV,98,120
WV,99,119
WV,101,119
WV,102,120
WV,105,120
WV,106,120
WV,107,120
WV,110,116
WV,120,120
WV,121,119
WY,1,71
WY,6,71
WY,8,71
WY,11,71
WY,15,71
WY,16,71
WY,18,71
WY,21,70
WY,26,69
WY,27,69
WY,29,69
WY,44,68
WY,50,34
WY,58,68
WY,59,68
WY,60,67
WY,61,67
WY,68,68
WY,69,67
WY,70,67
WY,73,68
WY,74,68
WY,76,68
WY,79,69
WY,82,68
WY,84,69
WY,85,66
WY,88,69
WY,91,69
WY,96,69
WY,97,69
WY,98,69
WY,99,69
WY,100,69
WY,101,69
WY,102,66
WY,105,69
WY,107,69
WY,112,69
WY,115,69
WY,121,68
