question,slug,url,text,image_urls,n_images
1,q1-which-vowel-sound-do-you-pronounce-in-the-word-been,https://dialectsurvey.wordpress.com/2018/10/24/q1-which-vowel-sound-do-you-pronounce-in-the-word-been/,Which vowel sound do you pronounce in the word been?,https://dialectsurvey.wordpress.com/wp-content/uploads/2018/10/heatmap-1-1-bin-not-ben.png;https://dialectsurvey.wordpress.com/wp-content/uploads/2018/10/heatmap-1-2-ben-not-bin.png;https://dialectsurvey.wordpress.com/wp-content/uploads/2018/10/heatmap-1-3-been-ben-bin-all-same.png;https://dialectsurvey.wordpress.com/wp-content/uploads/2018/10/heatmap-1-4-been-same-as-bean.png;https://dialectsurvey.wordpress.com/wp-content/uploads/2018/10/heatmap-1-5-bin-or-ben.png;https://dialectsurvey.wordpress.com/wp-content/uploads/2018/10/heatmap-1-6-ben-but-bin.png,6
2,q2-do-you-pronounce-can-meaning-be-able-the-same-as-can-the-container,https://dialectsurvey.wordpress.com/2019/08/14/q2-do-you-pronounce-can-meaning-be-able-the-same-as-can-the-container/,"Do you pronounce “can” (meaning “be able,” as in “Yes, I can”) the same as “can” (the container, as in “tin can”)?",https://dialectsurvey.wordpress.com/wp-content/uploads/2019/08/heatmap.2.1-can-can.png;https://dialectsurvey.wordpress.com/wp-content/uploads/2019/08/heatmap.2.2-can-and-can-different.png;https://dialectsurvey.wordpress.com/wp-content/uploads/2019/08/heatmap.2.3-not-sure-if-can-can.png,3
18,q18-how-do-you-pronounce-the-first-vowel-in-sorry,https://dialectsurvey.wordpress.com/2020/11/14/q18-how-do-you-pronounce-the-first-vowel-in-sorry/,How do you pronounce the first vowel in sorry?,https://dialectsurvey.wordpress.com/wp-content/uploads/2020/11/heatmap.18.1.png;https://dialectsurvey.wordpress.com/wp-content/uploads/2020/11/heatmap.18.2.png,2
24,q24-how-do-you-pronounce-tune,https://dialectsurvey.wordpress.com/2020/11/13/q24-how-do-you-pronounce-tune/,How do you pronounce tune?,https://dialectsurvey.wordpress.com/wp-content/uploads/2020/11/heatmap.24.1.png;https://dialectsurvey.wordpress.com/wp-content/uploads/2020/11/heatmap.24.2.png;https://dialectsurvey.wordpress.com/wp-content/uploads/2020/11/heatmap.24.3-1.png,3
25,q25-do-you-pronounce-which-and-witch-the-same,https://dialectsurvey.wordpress.com/2018/10/27/q25-do-you-pronounce-which-and-witch-the-same/,Do you pronounce “which” and “witch” the same?,https://dialectsurvey.wordpress.com/wp-content/uploads/2018/10/heatmap-25-1.png;https://dialectsurvey.wordpress.com/wp-content/uploads/2018/10/heatmap-25-2.png;https://dialectsurvey.wordpress.com/wp-content/uploads/2018/10/heatmap-25-3.png,3
26,q26-how-do-you-pronounce-younger,https://dialectsurvey.wordpress.com/2018/10/18/q26-how-do-you-pronounce-younger/,How do you pronounce younger?,https://dialectsurvey.wordpress.com/wp-content/uploads/2018/10/heatmap-26-1.png;https://dialectsurvey.wordpress.com/wp-content/uploads/2018/10/heatmap-26-2.png;https://dialectsurvey.wordpress.com/wp-content/uploads/2018/10/heatmap-26-3.png,3
29,q29-is-the-name-different-if-its-a-hot-sandwich,https://dialectsurvey.wordpress.com/2020/11/14/q29-is-the-name-different-if-its-a-hot-sandwich/,"Is the name different if it’s a hot sandwich? If you use the same name for this kind of sandwich whether it’s hot or cold, pick “I have no special word for this”; only select another choice if you use a different name for the hot sandwich.",https://dialectsurvey.wordpress.com/wp-content/uploads/2020/11/heatmap.29.1.png;https://dialectsurvey.wordpress.com/wp-content/uploads/2020/11/heatmap.29.2.png;https://dialectsurvey.wordpress.com/wp-content/uploads/2020/11/heatmap.29.3-1.png;https://dialectsurvey.wordpress.com/wp-content/uploads/2020/11/heatmap.29.4-1.png;https://dialectsurvey.wordpress.com/wp-content/uploads/2020/11/heatmap.29.5-1.png;https://dialectsurvey.wordpress.com/wp-content/uploads/2020/11/heatmap.29.6-1.png;https://dialectsurvey.wordpress.com/wp-content/uploads/2020/11/heatmap.29.7-1.png;https://dialectsurvey.wordpress.com/wp-content/uploads/2020/11/heatmap.29.8-1.png;https://dialectsurvey.wordpress.com/wp-content/uploads/2020/11/heatmap.29.9.png;https://dialectsurvey.wordpress.com/wp-content/uploads/2020/11/heatmap.29.10.png,10
31,q31-what-is-your-general-term-for-carbonated-water-with-no-sweetener,https://dialectsurvey.wordpress.com/2020/11/14/q31-what-is-your-general-term-for-carbonated-water-with-no-sweetener/,What is your general term for carbonated water with no sweetener?,https://dialectsurvey.wordpress.com/wp-content/uploads/2020/11/heatmap.31.1.png;https://dialectsurvey.wordpress.com/wp-content/uploads/2020/11/heatmap.31.2.png;https://dialectsurvey.wordpress.com/wp-content/uploads/2020/11/heatmap.31.3.png;https://dialectsurvey.wordpress.com/wp-content/uploads/2020/11/heatmap.31.4-1.png;https://dialectsurvey.wordpress.com/wp-content/uploads/2020/11/heatmap.31.5-1.png;https://dialectsurvey.wordpress.com/wp-content/uploads/2020/11/heatmap.31.6-1.png;https://dialectsurvey.wordpress.com/wp-content/uploads/2020/11/heatmap.31.7-1.png;https://dialectsurvey.wordpress.com/wp-content/uploads/2020/11/heatmap.31.8-1.png,8
38,q38-what-do-you-call-a-knit-wool-hat-that-you-might-wear-to-keep-your-head-warm-during-the-winter,https://dialectsurvey.wordpress.com/2018/10/14/q38-what-do-you-call-a-knit-wool-hat-that-you-might-wear-to-keep-your-head-warm-during-the-winter/,What do you call a knit wool hat that you might wear to keep your head warm during the winter?,https://dialectsurvey.wordpress.com/wp-content/uploads/2018/10/heatmap-38-1-stocking-cap.png;https://dialectsurvey.wordpress.com/wp-content/uploads/2018/10/heatmap-38-2-hat.png;https://dialectsurvey.wordpress.com/wp-content/uploads/2018/10/heatmap-38-3-no-term.png;https://dialectsurvey.wordpress.com/wp-content/uploads/2018/10/heatmap-38-4-chook.png;https://dialectsurvey.wordpress.com/wp-content/uploads/2018/10/heatmap-38-5-toque.png;https://dialectsurvey.wordpress.com/wp-content/uploads/2018/10/heatmap-38-6-toboggan.png;https://dialectsurvey.wordpress.com/wp-content/uploads/2018/10/heatmap-38-7-beanie.png;https://dialectsurvey.wordpress.com/wp-content/uploads/2018/10/heatmap-38-8-scally-cap.png;https://dialectsurvey.wordpress.com/wp-content/uploads/2018/10/heatmap-38-9-ski-cap.png;https://dialectsurvey.wordpress.com/wp-content/uploads/2018/10/heatmap-38-10-cloche.png;https://dialectsurvey.wordpress.com/wp-content/uploads/2018/10/heatmap-38-11-watchcap.png,11
39,q39-what-do-you-call-the-bag-in-which-you-might-carry-schoolbooks-or-gear-for-a-camping-trip,https://dialectsurvey.wordpress.com/2018/10/19/q39-what-do-you-call-the-bag-in-which-you-might-carry-schoolbooks-or-gear-for-a-camping-trip/,"What do you call the bag in which you might carry schoolbooks, or gear for a camping trip?",https://dialectsurvey.wordpress.com/wp-content/uploads/2018/10/heatmap-39-1.png;https://dialectsurvey.wordpress.com/wp-content/uploads/2018/10/heatmap-39-2.png;https://dialectsurvey.wordpress.com/wp-content/uploads/2018/10/heatmap-39-3.png;https://dialectsurvey.wordpress.com/wp-content/uploads/2018/10/heatmap-39-4.png;https://dialectsurvey.wordpress.com/wp-content/uploads/2018/10/heatmap-39-5.png,5
40,q40-what-do-you-call-the-level-of-a-building-that-is-partly-or-entirely-underground,https://dialectsurvey.wordpress.com/2018/10/24/q40-what-do-you-call-the-level-of-a-building-that-is-partly-or-entirely-underground/,What do you call the level of a building that is partly or entirely underground?,https://dialectsurvey.wordpress.com/wp-content/uploads/2018/10/heatmap-40-1.png;https://dialectsurvey.wordpress.com/wp-content/uploads/2018/10/heatmap-40-2.png;https://dialectsurvey.wordpress.com/wp-content/uploads/2018/10/heatmap-40-3.png;https://dialectsurvey.wordpress.com/wp-content/uploads/2018/10/heatmap-40-4.png;https://dialectsurvey.wordpress.com/wp-content/uploads/2018/10/heatmap-40-5.png;https://dialectsurvey.wordpress.com/wp-content/uploads/2018/10/heatmap-40-6.png,6
49,q49-what-temperature-is-tea-2,https://dialectsurvey.wordpress.com/2020/11/13/q49-what-temperature-is-tea-2/,What temperature is “tea”?,https://dialectsurvey.wordpress.com/wp-content/uploads/2020/11/heatmap.49.1.png;https://dialectsurvey.wordpress.com/wp-content/uploads/2020/11/heatmap.49.2.png;https://dialectsurvey.wordpress.com/wp-content/uploads/2020/11/heatmap.49.3-1.png,3
51,q51-how-do-you-pronounce-the-second-vowel-in-again,https://dialectsurvey.wordpress.com/2018/10/17/q51-how-do-you-pronounce-the-second-vowel-in-again/,How do you pronounce the second vowel in again?,https://dialectsurvey.wordpress.com/wp-content/uploads/2018/10/heatmap-51-1.png;https://dialectsurvey.wordpress.com/wp-content/uploads/2018/10/heatmap-51-2.png;https://dialectsurvey.wordpress.com/wp-content/uploads/2018/10/heatmap-51-3.png;https://dialectsurvey.wordpress.com/wp-content/uploads/2018/10/heatmap-51-4.png,4
52,q52-how-do-you-pronounce-arent,https://dialectsurvey.wordpress.com/2018/10/17/q52-how-do-you-pronounce-arent/,How do you pronounce aren’t?,https://dialectsurvey.wordpress.com/wp-content/uploads/2018/10/heatmap-52-1.png;https://dialectsurvey.wordpress.com/wp-content/uploads/2018/10/heatmap-52-2.png,2
54,q54-how-do-you-pronounce-bury,https://dialectsurvey.wordpress.com/2019/08/14/q54-how-do-you-pronounce-bury/,How do you pronounce bury?,https://dialectsurvey.wordpress.com/wp-content/uploads/2019/08/heatmap.54.1.png;https://dialectsurvey.wordpress.com/wp-content/uploads/2019/08/heatmap.54.2.png;https://dialectsurvey.wordpress.com/wp-content/uploads/2019/08/heatmap.54.3.png,3
55,q55-how-do-you-pronounce-the-vowel-in-cant-as-in-i-cant-do-that,https://dialectsurvey.wordpress.com/2019/08/14/q55-how-do-you-pronounce-the-vowel-in-cant-as-in-i-cant-do-that/,How do you pronounce the vowel in can’t (as in “I can’t do that”)?,https://dialectsurvey.wordpress.com/wp-content/uploads/2019/08/heatmap.55.1.png;https://dialectsurvey.wordpress.com/wp-content/uploads/2019/08/heatmap.55.2.png;https://dialectsurvey.wordpress.com/wp-content/uploads/2019/08/heatmap.55.3.png;https://dialectsurvey.wordpress.com/wp-content/uploads/2019/08/heatmap.55.4.png,4
56,q56-how-do-you-pronounce-the-vowel-in-catch,https://dialectsurvey.wordpress.com/2019/08/14/q56-how-do-you-pronounce-the-vowel-in-catch/,How do you pronounce the vowel in catch?,https://dialectsurvey.wordpress.com/wp-content/uploads/2019/08/heatmap.56.1.png;https://dialectsurvey.wordpress.com/wp-content/uploads/2019/08/heatmap.56.2.png,2
63,q63-how-do-you-pronounce-sure,https://dialectsurvey.wordpress.com/2020/11/14/q63-how-do-you-pronounce-sure/,How do you pronounce sure?,https://dialectsurvey.wordpress.com/wp-content/uploads/2020/11/heatmap.63.1.png;https://dialectsurvey.wordpress.com/wp-content/uploads/2020/11/heatmap.63.2.png;https://dialectsurvey.wordpress.com/wp-content/uploads/2020/11/heatmap.63.3.png;https://dialectsurvey.wordpress.com/wp-content/uploads/2020/11/heatmap.63.4.png;https://dialectsurvey.wordpress.com/wp-content/uploads/2020/11/heatmap.63.5.png,5
65,q65-how-do-you-pronounce-the-vowel-sound-in-tour,https://dialectsurvey.wordpress.com/2020/11/13/q65-how-do-you-pronounce-the-vowel-sound-in-tour/,How do you pronounce the vowel sound in tour?,https://dialectsurvey.wordpress.com/wp-content/uploads/2020/11/heatmap.65.1.png;https://dialectsurvey.wordpress.com/wp-content/uploads/2020/11/heatmap.65.2.png;https://dialectsurvey.wordpress.com/wp-content/uploads/2020/11/heatmap.65.3.png;https://dialectsurvey.wordpress.com/wp-content/uploads/2020/11/heatmap.65.4.png,4
67,q67-how-do-you-pronounce-the-vowel-in-youre-as-in-im-not-in-trouble-youre-in-trouble,https://dialectsurvey.wordpress.com/2018/10/18/q67-how-do-you-pronounce-the-vowel-in-youre-as-in-im-not-in-trouble-youre-in-trouble/,"How do you pronounce the vowel in you’re, as in “I’m not in trouble, you’re in trouble.”",https://dialectsurvey.wordpress.com/wp-content/uploads/2018/10/heatmap-67-1.png;https://dialectsurvey.wordpress.com/wp-content/uploads/2018/10/heatmap-67-2.png;https://dialectsurvey.wordpress.com/wp-content/uploads/2018/10/heatmap-67-3.png,3
71,q71-how-do-you-pronounce-strength,https://dialectsurvey.wordpress.com/2020/11/14/q71-how-do-you-pronounce-strength/,How do you pronounce strength?,https://dialectsurvey.wordpress.com/wp-content/uploads/2020/11/heatmap.71.1.png;https://dialectsurvey.wordpress.com/wp-content/uploads/2020/11/heatmap.71.2.png;https://dialectsurvey.wordpress.com/wp-content/uploads/2020/11/heatmap.71.3.png;https://dialectsurvey.wordpress.com/wp-content/uploads/2020/11/heatmap.71.4.png,4
73,q73-how-do-you-pronounce-vehicle,https://dialectsurvey.wordpress.com/2020/10/21/q73-how-do-you-pronounce-vehicle/,How do you pronounce vehicle?</B>,https://dialectsurvey.wordpress.com/wp-content/uploads/2020/10/heatmap.73.1.png;https://dialectsurvey.wordpress.com/wp-content/uploads/2020/10/heatmap.73.2.png,2
75,q75-how-do-you-pronounce-the-th-in-without,https://dialectsurvey.wordpress.com/2020/10/21/q75-how-do-you-pronounce-the-th-in-without/,How do you pronounce the “th” in without?,https://dialectsurvey.wordpress.com/wp-content/uploads/2020/10/heatmap.75.1.png;https://dialectsurvey.wordpress.com/wp-content/uploads/2020/10/heatmap.75.2.png;https://dialectsurvey.wordpress.com/wp-content/uploads/2020/10/heatmap.75.3.png,3
76,q76-how-do-you-pronounce-address-the-noun-as-in-my-address-is-247-front-street,https://dialectsurvey.wordpress.com/2018/10/17/q76-how-do-you-pronounce-address-the-noun-as-in-my-address-is-247-front-street/,"How do you pronounce address (the noun, as in “My address is 247 Front Street”)?",https://dialectsurvey.wordpress.com/wp-content/uploads/2018/10/heatmap-76-1.png;https://dialectsurvey.wordpress.com/wp-content/uploads/2018/10/heatmap-76-2.png;https://dialectsurvey.wordpress.com/wp-content/uploads/2018/10/heatmap-76-3.png;https://dialectsurvey.wordpress.com/wp-content/uploads/2018/10/heatmap-76-4.png,4
77,q77-how-do-you-pronounce-adult,https://dialectsurvey.wordpress.com/2018/10/17/q77-how-do-you-pronounce-adult/,How do you pronounce adult?,https://dialectsurvey.wordpress.com/wp-content/uploads/2018/10/heatmap-77-1.png;https://dialectsurvey.wordpress.com/wp-content/uploads/2018/10/heatmap-77-2.png;https://dialectsurvey.wordpress.com/wp-content/uploads/2018/10/heatmap-77-3.png;https://dialectsurvey.wordpress.com/wp-content/uploads/2018/10/heatmap-77-4.png,4
84,q84-what-do-you-call-the-little-sweet-pellets-that-you-might-put-on-ice-cream,https://dialectsurvey.wordpress.com/2020/04/13/q84-what-do-you-call-the-little-sweet-pellets-that-you-might-put-on-ice-cream/,What do you call the little sweet pellets that you might put on ice cream?,https://dialectsurvey.wordpress.com/wp-content/uploads/2020/04/heatmap.84.1-1.png;https://dialectsurvey.wordpress.com/wp-content/uploads/2020/04/heatmap.84.2-1.png;https://dialectsurvey.wordpress.com/wp-content/uploads/2020/04/heatmap.84.3-1.png;https://dialectsurvey.wordpress.com/wp-content/uploads/2020/04/heatmap.84.4-1.png;https://dialectsurvey.wordpress.com/wp-content/uploads/2020/04/heatmap.84.5-1.png;https://dialectsurvey.wordpress.com/wp-content/uploads/2020/04/heatmap.84.6-1.png;https://dialectsurvey.wordpress.com/wp-content/uploads/2020/04/heatmap.84.7-1.png;https://dialectsurvey.wordpress.com/wp-content/uploads/2020/04/heatmap.84.8.png;https://dialectsurvey.wordpress.com/wp-content/uploads/2020/04/heatmap.84.9.png;https://dialectsurvey.wordpress.com/wp-content/uploads/2020/04/heatmap.84.10.png;https://dialectsurvey.wordpress.com/wp-content/uploads/2020/04/heatmap.84.11.png,11
88,q88-what-do-you-call-an-enclosed-structure-that-you-park-your-car-in-beside-your-house-or-attached-to-it,https://dialectsurvey.wordpress.com/2019/08/14/q88-what-do-you-call-an-enclosed-structure-that-you-park-your-car-in-beside-your-house-or-attached-to-it/,"What do you call an enclosed structure that you park your car in, beside your house or attached to it?",https://dialectsurvey.wordpress.com/wp-content/uploads/2019/08/heatmap.88.1.png;https://dialectsurvey.wordpress.com/wp-content/uploads/2019/08/heatmap.88.2.png,2
92,q92-what-term-do-you-use-to-refer-to-something-that-is-across-both-streets-from-you-at-an-intersection-or-diagonally-across-from-you-in-general,https://dialectsurvey.wordpress.com/2019/08/14/q92-what-term-do-you-use-to-refer-to-something-that-is-across-both-streets-from-you-at-an-intersection-or-diagonally-across-from-you-in-general/,What term do you use to refer to something that is across both streets from you at an intersection (or diagonally across from you in general)?,https://dialectsurvey.wordpress.com/wp-content/uploads/2019/08/heatmap.92.1.png;https://dialectsurvey.wordpress.com/wp-content/uploads/2019/08/heatmap.92.2.png;https://dialectsurvey.wordpress.com/wp-content/uploads/2019/08/heatmap.92.3.png;https://dialectsurvey.wordpress.com/wp-content/uploads/2019/08/heatmap.92.4.png;https://dialectsurvey.wordpress.com/wp-content/uploads/2019/08/heatmap.92.5.png;https://dialectsurvey.wordpress.com/wp-content/uploads/2019/08/heatmap.92.6.png;https://dialectsurvey.wordpress.com/wp-content/uploads/2019/08/heatmap.92.7.png;https://dialectsurvey.wordpress.com/wp-content/uploads/2019/08/heatmap.92.8.png;https://dialectsurvey.wordpress.com/wp-content/uploads/2019/08/heatmap.92.9.png,9
94,q94-97-usage-of-positive-anymore,https://dialectsurvey.wordpress.com/2018/10/17/q94-97-usage-of-positive-anymore/,"He used to nap on the couch, but he sprawls out in that new lounge chair anymore.",https://dialectsurvey.wordpress.com/wp-content/uploads/2018/10/heatmap-94-1.png;https://dialectsurvey.wordpress.com/wp-content/uploads/2018/10/heatmap-94-2.png;https://dialectsurvey.wordpress.com/wp-content/uploads/2018/10/heatmap-94-3.png,3
95,q94-97-usage-of-positive-anymore,https://dialectsurvey.wordpress.com/2018/10/17/q94-97-usage-of-positive-anymore/,I do exclusively figurative paintings anymore.,https://dialectsurvey.wordpress.com/wp-content/uploads/2018/10/heatmap-95-1.png;https://dialectsurvey.wordpress.com/wp-content/uploads/2018/10/heatmap-95-2.png;https://dialectsurvey.wordpress.com/wp-content/uploads/2018/10/heatmap-95-3.png,3
96,q94-97-usage-of-positive-anymore,https://dialectsurvey.wordpress.com/2018/10/17/q94-97-usage-of-positive-anymore/,Pantyhose are so expensive anymore that I just try to get a good suntan and forget about it.,https://dialectsurvey.wordpress.com/wp-content/uploads/2018/10/heatmap-96-1.png;https://dialectsurvey.wordpress.com/wp-content/uploads/2018/10/heatmap-96-2.png;https://dialectsurvey.wordpress.com/wp-content/uploads/2018/10/heatmap-96-3.png,3
97,q94-97-usage-of-positive-anymore,https://dialectsurvey.wordpress.com/2018/10/17/q94-97-usage-of-positive-anymore/,Forget the nice clothes anymore (referring to babies eating messily after a certain age),https://dialectsurvey.wordpress.com/wp-content/uploads/2018/10/heatmap-97-1.png;https://dialectsurvey.wordpress.com/wp-content/uploads/2018/10/heatmap-97-2.png;https://dialectsurvey.wordpress.com/wp-content/uploads/2018/10/heatmap-97-3.png,3
98,q98-in-speech-would-you-abbreviate-the-word-avenue-to-ave-rhyming-with-have-in-the-name-of-a-street,https://dialectsurvey.wordpress.com/2018/10/17/q98-in-speech-would-you-abbreviate-the-word-avenue-to-ave-rhyming-with-have-in-the-name-of-a-street/,"In speech, would you abbreviate the word “avenue” to “ave” (rhyming with “have” in the name of a street? (For example, “Follow Washington Ave to Main Street.”)",https://dialectsurvey.wordpress.com/wp-content/uploads/2018/10/heatmap-98-1.png;https://dialectsurvey.wordpress.com/wp-content/uploads/2018/10/heatmap-98-2.png;https://dialectsurvey.wordpress.com/wp-content/uploads/2018/10/heatmap-98-3.png,3
100,q100-would-you-say-shut-the-lights-or-close-the-lights-to-mean-turn-off-the-lights,https://dialectsurvey.wordpress.com/2020/11/13/q100-would-you-say-shut-the-lights-or-close-the-lights-to-mean-turn-off-the-lights/,Would you say “shut the lights” or “close the lights” to mean “turn off the lights?”,https://dialectsurvey.wordpress.com/wp-content/uploads/2020/11/heatmap.100.1.png;https://dialectsurvey.wordpress.com/wp-content/uploads/2020/11/heatmap.100.2.png;https://dialectsurvey.wordpress.com/wp-content/uploads/2020/11/heatmap.100.3-1.png;https://dialectsurvey.wordpress.com/wp-content/uploads/2020/11/heatmap.100.4-1.png;https://dialectsurvey.wordpress.com/wp-content/uploads/2020/11/heatmap.100.5-1.png,5
101,q101-how-do-you-pronounce-the-third-vowel-in-appalachian,https://dialectsurvey.wordpress.com/2018/10/17/q101-how-do-you-pronounce-the-third-vowel-in-appalachian/,How do you pronounce the third vowel in Appalachian?,https://dialectsurvey.wordpress.com/wp-content/uploads/2018/10/heatmap-101-1.png;https://dialectsurvey.wordpress.com/wp-content/uploads/2018/10/heatmap-101-2.png;https://dialectsurvey.wordpress.com/wp-content/uploads/2018/10/heatmap-101-3.png,3
102,q102-how-do-you-pronounce-caramel,https://dialectsurvey.wordpress.com/2019/08/14/q102-how-do-you-pronounce-caramel/,How do you pronounce caramel?,https://dialectsurvey.wordpress.com/wp-content/uploads/2019/08/heatmap.102.1.png;https://dialectsurvey.wordpress.com/wp-content/uploads/2019/08/heatmap.102.2.png;https://dialectsurvey.wordpress.com/wp-content/uploads/2019/08/heatmap.102.3.png;https://dialectsurvey.wordpress.com/wp-content/uploads/2019/08/heatmap.102.4.png;https://dialectsurvey.wordpress.com/wp-content/uploads/2019/08/heatmap.102.5.png,5
113,q113-how-do-you-pronounce-the-first-vowel-in-treasure,https://dialectsurvey.wordpress.com/2020/11/13/q113-how-do-you-pronounce-the-first-vowel-in-treasure/,How do you pronounce the first vowel in treasure?,https://dialectsurvey.wordpress.com/wp-content/uploads/2020/11/heatmap.113.1.png;https://dialectsurvey.wordpress.com/wp-content/uploads/2020/11/heatmap.113.2.png,2
114,q114-how-do-you-pronounce-the-first-vowel-in-zero,https://dialectsurvey.wordpress.com/2018/10/17/q114-how-do-you-pronounce-the-first-vowel-in-zero/,How do you pronounce the first vowel in zero?,https://dialectsurvey.wordpress.com/wp-content/uploads/2018/10/heatmap-114-1.png;https://dialectsurvey.wordpress.com/wp-content/uploads/2018/10/heatmap-114-2.png;https://dialectsurvey.wordpress.com/wp-content/uploads/2018/10/heatmap-114-3.png,3
123,q123-what-about-used-to-could-to-mean-used-to-be-able-to-as-in-i-used-to-could-recite-the-entire-poem-from-memory,https://dialectsurvey.wordpress.com/2020/11/13/q123-what-about-used-to-could-to-mean-used-to-be-able-to-as-in-i-used-to-could-recite-the-entire-poem-from-memory/,What about “used to could” to mean “used to be able to” (as in “I used to could recite the entire poem from memory”)?,https://dialectsurvey.wordpress.com/wp-content/uploads/2020/11/heatmap.123.1.png;https://dialectsurvey.wordpress.com/wp-content/uploads/2020/11/heatmap.123.2.png;https://dialectsurvey.wordpress.com/wp-content/uploads/2020/11/heatmap.123.3.png,3
130,q130-what-do-you-use-to-address-a-group-of-two-or-more-people-as-in-what-are-__-doing,https://dialectsurvey.wordpress.com/2018/10/19/q130-what-do-you-use-to-address-a-group-of-two-or-more-people-as-in-what-are-__-doing/,"What do you use to address a group of two or more people (as in, “what are … doing?”)?",https://dialectsurvey.wordpress.com/wp-content/uploads/2018/10/heatmap-130-1.png;https://dialectsurvey.wordpress.com/wp-content/uploads/2018/10/heatmap-130-2.png;https://dialectsurvey.wordpress.com/wp-content/uploads/2018/10/heatmap-130-3.png;https://dialectsurvey.wordpress.com/wp-content/uploads/2018/10/heatmap-130-4.png;https://dialectsurvey.wordpress.com/wp-content/uploads/2018/10/heatmap-130-5.png;https://dialectsurvey.wordpress.com/wp-content/uploads/2018/10/heatmap-130-6.png;https://dialectsurvey.wordpress.com/wp-content/uploads/2018/10/heatmap-130-7.png;https://dialectsurvey.wordpress.com/wp-content/uploads/2018/10/heatmap-130-8.png;https://dialectsurvey.wordpress.com/wp-content/uploads/2018/10/heatmap-130-9.png,9
133,q133-what-do-you-call-the-little-conglomerations-of-fried-potato-with-breading-on-the-outside-that-you-might-eat-in-a-school-cafeteria,https://dialectsurvey.wordpress.com/2020/11/13/q133-what-do-you-call-the-little-conglomerations-of-fried-potato-with-breading-on-the-outside-that-you-might-eat-in-a-school-cafeteria/,What do you call the little conglomerations of fried potato with breading on the outside that you might eat in a school cafeteria?,https://dialectsurvey.wordpress.com/wp-content/uploads/2020/11/heatmap.133.1.png;https://dialectsurvey.wordpress.com/wp-content/uploads/2020/11/heatmap.133.2.png;https://dialectsurvey.wordpress.com/wp-content/uploads/2020/11/heatmap.133.3-1.png;https://dialectsurvey.wordpress.com/wp-content/uploads/2020/11/heatmap.133.4-1.png,4
136,q136-what-do-you-call-the-long-item-of-furniture-with-space-for-three-or-four-people,https://dialectsurvey.wordpress.com/2020/11/14/q136-what-do-you-call-the-long-item-of-furniture-with-space-for-three-or-four-people/,What do you call the long item of furniture with space for three or four people?,https://dialectsurvey.wordpress.com/wp-content/uploads/2020/11/heatmap.136.1.png;https://dialectsurvey.wordpress.com/wp-content/uploads/2020/11/heatmap.136.2.png;https://dialectsurvey.wordpress.com/wp-content/uploads/2020/11/heatmap.136.3.png;https://dialectsurvey.wordpress.com/wp-content/uploads/2020/11/heatmap.136.4.png;https://dialectsurvey.wordpress.com/wp-content/uploads/2020/11/heatmap.136.5.png;https://dialectsurvey.wordpress.com/wp-content/uploads/2020/11/heatmap.136.6.png;https://dialectsurvey.wordpress.com/wp-content/uploads/2020/11/heatmap.136.7.png,7
137,q137-what-do-you-call-the-thing-that-you-put-pots-and-pans-on-to-cook,https://dialectsurvey.wordpress.com/2020/11/14/q137-what-do-you-call-the-thing-that-you-put-pots-and-pans-on-to-cook/,What do you call the thing that you put pots and pans on to cook?,https://dialectsurvey.wordpress.com/wp-content/uploads/2020/11/heatmap.137.1.png;https://dialectsurvey.wordpress.com/wp-content/uploads/2020/11/heatmap.137.2.png;https://dialectsurvey.wordpress.com/wp-content/uploads/2020/11/heatmap.137.3.png,3
138,q138-what-do-you-call-the-thing-from-which-you-might-drink-water-in-a-school,https://dialectsurvey.wordpress.com/2019/08/14/q138-what-do-you-call-the-thing-from-which-you-might-drink-water-in-a-school/,What do you call the thing from which you might drink water in a school?,https://dialectsurvey.wordpress.com/wp-content/uploads/2019/08/heatmap.138.1.png;https://dialectsurvey.wordpress.com/wp-content/uploads/2019/08/heatmap.138.2.png;https://dialectsurvey.wordpress.com/wp-content/uploads/2019/08/heatmap.138.3.png;https://dialectsurvey.wordpress.com/wp-content/uploads/2019/08/heatmap.138.4.png;https://dialectsurvey.wordpress.com/wp-content/uploads/2019/08/heatmap.138.5.png,5
140,q140-what-do-you-call-it-when-rain-falls-while-the-sun-is-shining,https://dialectsurvey.wordpress.com/2020/11/14/q140-what-do-you-call-it-when-rain-falls-while-the-sun-is-shining/,What do you call it when rain falls while the sun is shining?,https://dialectsurvey.wordpress.com/wp-content/uploads/2020/11/heatmap.140.1.png;https://dialectsurvey.wordpress.com/wp-content/uploads/2020/11/heatmap.140.2.png;https://dialectsurvey.wordpress.com/wp-content/uploads/2020/11/heatmap.140.3.png;https://dialectsurvey.wordpress.com/wp-content/uploads/2020/11/heatmap.140.4.png;https://dialectsurvey.wordpress.com/wp-content/uploads/2020/11/heatmap.140.5.png;https://dialectsurvey.wordpress.com/wp-content/uploads/2020/11/heatmap.140.6.png;https://dialectsurvey.wordpress.com/wp-content/uploads/2020/11/heatmap.140.7.png;https://dialectsurvey.wordpress.com/wp-content/uploads/2020/11/heatmap.140.8-1.png,8
141,q141-what-do-you-call-the-act-of-covering-a-house-or-area-in-front-of-a-house-with-toilet-paper,https://dialectsurvey.wordpress.com/2020/11/13/q141-what-do-you-call-the-act-of-covering-a-house-or-area-in-front-of-a-house-with-toilet-paper/,What do you call the act of covering a house or area in front of a house with toilet paper?,https://dialectsurvey.wordpress.com/wp-content/uploads/2020/11/heatmap.141.1.png;https://dialectsurvey.wordpress.com/wp-content/uploads/2020/11/heatmap.141.2.png;https://dialectsurvey.wordpress.com/wp-content/uploads/2020/11/heatmap.141.3.png;https://dialectsurvey.wordpress.com/wp-content/uploads/2020/11/heatmap.141.4.png;https://dialectsurvey.wordpress.com/wp-content/uploads/2020/11/heatmap.141.5.png;https://dialectsurvey.wordpress.com/wp-content/uploads/2020/11/heatmap.141.6.png;https://dialectsurvey.wordpress.com/wp-content/uploads/2020/11/heatmap.141.7.png;https://dialectsurvey.wordpress.com/wp-content/uploads/2020/11/heatmap.141.8-1.png,8
142,q142-what-do-you-call-the-night-before-halloween,https://dialectsurvey.wordpress.com/2019/08/14/q142-what-do-you-call-the-night-before-halloween/,What do you call the night before Halloween?,https://dialectsurvey.wordpress.com/wp-content/uploads/2019/08/heatmap.142.1.png;https://dialectsurvey.wordpress.com/wp-content/uploads/2019/08/heatmap.142.2.png;https://dialectsurvey.wordpress.com/wp-content/uploads/2019/08/heatmap.142.3.png;https://dialectsurvey.wordpress.com/wp-content/uploads/2019/08/heatmap.142.4.png;https://dialectsurvey.wordpress.com/wp-content/uploads/2019/08/heatmap.142.5.png;https://dialectsurvey.wordpress.com/wp-content/uploads/2019/08/heatmap.142.6.png;https://dialectsurvey.wordpress.com/wp-content/uploads/2019/08/heatmap.142.7.png;https://dialectsurvey.wordpress.com/wp-content/uploads/2019/08/heatmap.142.8.png;https://dialectsurvey.wordpress.com/wp-content/uploads/2019/08/heatmap.142.9.png;https://dialectsurvey.wordpress.com/wp-content/uploads/2019/08/heatmap.142.10.png,10
149,q149-what-does-wait-on-mean-as-in-were-waiting-on-you,https://dialectsurvey.wordpress.com/2020/10/21/q149-what-does-wait-on-mean-as-in-were-waiting-on-you/,"What does “wait on” mean, as in “We’re waiting on you”?",https://dialectsurvey.wordpress.com/wp-content/uploads/2020/10/heatmap.149.1.png;https://dialectsurvey.wordpress.com/wp-content/uploads/2020/10/heatmap.149.2.png;https://dialectsurvey.wordpress.com/wp-content/uploads/2020/10/heatmap.149.3.png;https://dialectsurvey.wordpress.com/wp-content/uploads/2020/10/heatmap.149.4.png,4
150,q150-how-do-you-pronounce-the-first-vowel-in-bouquet,https://dialectsurvey.wordpress.com/2019/08/13/q150-how-do-you-pronounce-the-first-vowel-in-bouquet/,How do you pronounce the first vowel in bouquet?,https://dialectsurvey.wordpress.com/wp-content/uploads/2019/08/heatmap.150.1-1-1.png;https://dialectsurvey.wordpress.com/wp-content/uploads/2019/08/heatmap.150.2-1-1.png;https://dialectsurvey.wordpress.com/wp-content/uploads/2019/08/heatmap.150.3-1-1.png,3
151,q151-how-do-you-pronounce-bag,https://dialectsurvey.wordpress.com/2018/10/19/q151-how-do-you-pronounce-bag/,How do you pronounce bag?,https://dialectsurvey.wordpress.com/wp-content/uploads/2018/10/heatmap-151-1.png;https://dialectsurvey.wordpress.com/wp-content/uploads/2018/10/heatmap-151-2.png;https://dialectsurvey.wordpress.com/wp-content/uploads/2018/10/heatmap-151-3.png;https://dialectsurvey.wordpress.com/wp-content/uploads/2018/10/heatmap-151-4.png,4
153,q153-how-do-you-pronounce-the-vowel-in-the-second-syllable-of-cauliflower,https://dialectsurvey.wordpress.com/2019/08/14/q153-how-do-you-pronounce-the-vowel-in-the-second-syllable-of-cauliflower/,How do you pronounce the vowel in the second syllable of cauliflower?,https://dialectsurvey.wordpress.com/wp-content/uploads/2019/08/heatmap.153.1.png;https://dialectsurvey.wordpress.com/wp-content/uploads/2019/08/heatmap.153.2.png;https://dialectsurvey.wordpress.com/wp-content/uploads/2019/08/heatmap.153.3.png,3
159,q159-how-do-you-pronounce-squirrel,https://dialectsurvey.wordpress.com/2020/11/14/q159-how-do-you-pronounce-squirrel/,How do you pronounce squirrel?,https://dialectsurvey.wordpress.com/wp-content/uploads/2020/11/heatmap.159.1.png;https://dialectsurvey.wordpress.com/wp-content/uploads/2020/11/heatmap.159.2.png;https://dialectsurvey.wordpress.com/wp-content/uploads/2020/11/heatmap.159.3-1.png;https://dialectsurvey.wordpress.com/wp-content/uploads/2020/11/heatmap.159.4-1.png,4
160,q160-how-do-you-pronounce-vase,https://dialectsurvey.wordpress.com/2020/10/21/q160-how-do-you-pronounce-vase/,How do you pronounce vase?,https://dialectsurvey.wordpress.com/wp-content/uploads/2020/10/heatmap.160.1-1.png;https://dialectsurvey.wordpress.com/wp-content/uploads/2020/10/heatmap.160.2-1.png;https://dialectsurvey.wordpress.com/wp-content/uploads/2020/10/heatmap.160.3-1.png,3
168,q168-how-do-you-pronounce-caribbean,https://dialectsurvey.wordpress.com/2019/08/14/q168-how-do-you-pronounce-caribbean/,How do you pronounce Caribbean?,https://dialectsurvey.wordpress.com/wp-content/uploads/2019/08/heatmap.168.1.png;https://dialectsurvey.wordpress.com/wp-content/uploads/2019/08/heatmap.168.2.png;https://dialectsurvey.wordpress.com/wp-content/uploads/2019/08/heatmap.168.3.png;https://dialectsurvey.wordpress.com/wp-content/uploads/2019/08/heatmap.168.4.png;https://dialectsurvey.wordpress.com/wp-content/uploads/2019/08/heatmap.168.5.png,5
174,q174-how-do-you-pronounce-the-vowel-in-room-and-broom,https://dialectsurvey.wordpress.com/2019/08/14/q174-how-do-you-pronounce-the-vowel-in-room-and-broom/,How do you pronounce the vowel in room and broom?,https://dialectsurvey.wordpress.com/wp-content/uploads/2019/08/heatmap.174.1.png;https://dialectsurvey.wordpress.com/wp-content/uploads/2019/08/heatmap.174.2.png;https://dialectsurvey.wordpress.com/wp-content/uploads/2019/08/heatmap.174.3.png;https://dialectsurvey.wordpress.com/wp-content/uploads/2019/08/heatmap.174.4.png,4
175,q175-how-do-you-pronounce-almond,https://dialectsurvey.wordpress.com/2018/10/17/q175-how-do-you-pronounce-almond/,How do you pronounce almond?,https://dialectsurvey.wordpress.com/wp-content/uploads/2018/10/heatmap-175-1.png;https://dialectsurvey.wordpress.com/wp-content/uploads/2018/10/heatmap-175-2.png;https://dialectsurvey.wordpress.com/wp-content/uploads/2018/10/heatmap-175-3.png;https://dialectsurvey.wordpress.com/wp-content/uploads/2018/10/heatmap-175-4.png;https://dialectsurvey.wordpress.com/wp-content/uploads/2018/10/heatmap-175-5.png;https://dialectsurvey.wordpress.com/wp-content/uploads/2018/10/heatmap-175-6.png;https://dialectsurvey.wordpress.com/wp-content/uploads/2018/10/heatmap-175-7.png,7
178,q178-how-do-you-pronounce-the-first-vowel-in-apricot,https://dialectsurvey.wordpress.com/2018/10/17/q178-how-do-you-pronounce-the-first-vowel-in-apricot/,How do you pronounce the first vowel in apricot?,https://dialectsurvey.wordpress.com/wp-content/uploads/2018/10/heatmap-178-1.png;https://dialectsurvey.wordpress.com/wp-content/uploads/2018/10/heatmap-178-2.png,2
184,q184-do-you-pronounce-an-l-sound-in-the-word-both,https://dialectsurvey.wordpress.com/2018/10/30/q184-do-you-pronounce-an-l-sound-in-the-word-both/,Do you pronounce an “l” sound in the word both?,https://dialectsurvey.wordpress.com/wp-content/uploads/2018/10/heatmap-184-1.png;https://dialectsurvey.wordpress.com/wp-content/uploads/2018/10/heatmap-184-2.png;https://dialectsurvey.wordpress.com/wp-content/uploads/2018/10/heatmap-184-3.png,3
194,q194-how-do-you-pronounce-wash,https://dialectsurvey.wordpress.com/2020/10/21/q194-how-do-you-pronounce-wash/,How do you pronounce wash?,https://dialectsurvey.wordpress.com/wp-content/uploads/2020/10/heatmap.194.1.png;https://dialectsurvey.wordpress.com/wp-content/uploads/2020/10/heatmap.194.2.png;https://dialectsurvey.wordpress.com/wp-content/uploads/2020/10/heatmap.194.3-1.png;https://dialectsurvey.wordpress.com/wp-content/uploads/2020/10/heatmap.194.4.png,4
195,q195-how-do-you-pronounce-ballet,https://dialectsurvey.wordpress.com/2018/10/19/q195-how-do-you-pronounce-ballet/,How do you pronounce ballet?,https://dialectsurvey.wordpress.com/wp-content/uploads/2018/10/heatmap-195-1.png;https://dialectsurvey.wordpress.com/wp-content/uploads/2018/10/heatmap-195-2.png;https://dialectsurvey.wordpress.com/wp-content/uploads/2018/10/heatmap-195-3.png,3
202,q202-what-do-you-think-of-the-sentences-i-wish-i-would-have-gone-to-law-school-instead-of-getting-a-job-and-i-wish-sabrina-would-have-stayed-in-paris,https://dialectsurvey.wordpress.com/2018/10/26/q202-what-do-you-think-of-the-sentences-i-wish-i-would-have-gone-to-law-school-instead-of-getting-a-job-and-i-wish-sabrina-would-have-stayed-in-paris/,"What do you think of the sentences “I wish I would have gone to law school instead of getting a job,” and “I wish Sabrina would have stayed in Paris”?",https://dialectsurvey.wordpress.com/wp-content/uploads/2018/10/heatmap-202-1.png;https://dialectsurvey.wordpress.com/wp-content/uploads/2018/10/heatmap-202-2.png;https://dialectsurvey.wordpress.com/wp-content/uploads/2018/10/heatmap-202-3.png;https://dialectsurvey.wordpress.com/wp-content/uploads/2018/10/heatmap-202-4.png,4
204,q204-do-you-call-the-activity-of-spreading-your-legs-as-far-as-possible-so-that-they-form-a-single-straight-line-doing-a-split-or-doing-the-splits,https://dialectsurvey.wordpress.com/2020/11/14/q204-do-you-call-the-activity-of-spreading-your-legs-as-far-as-possible-so-that-they-form-a-single-straight-line-doing-a-split-or-doing-the-splits/,Do you call the activity of spreading your legs as far as possible so that they form a single straight line “doing a split” or “doing the splits”?,https://dialectsurvey.wordpress.com/wp-content/uploads/2020/11/heatmap.204.1.png;https://dialectsurvey.wordpress.com/wp-content/uploads/2020/11/heatmap.204.2-1.png;https://dialectsurvey.wordpress.com/wp-content/uploads/2020/11/heatmap.204.3-1.png;https://dialectsurvey.wordpress.com/wp-content/uploads/2020/11/heatmap.204.4-1.png,4
206,q206-what-do-you-call-the-sweetish-tasting-orange-colored-potato-shaped-vegetable,https://dialectsurvey.wordpress.com/2018/10/26/q206-what-do-you-call-the-sweetish-tasting-orange-colored-potato-shaped-vegetable/,"What do you call the sweetish-tasting, orange-colored, potato-shaped vegetable?",https://dialectsurvey.wordpress.com/wp-content/uploads/2018/10/heatmap-206-1.png;https://dialectsurvey.wordpress.com/wp-content/uploads/2018/10/heatmap-206-2.png;https://dialectsurvey.wordpress.com/wp-content/uploads/2018/10/heatmap-206-3.png;https://dialectsurvey.wordpress.com/wp-content/uploads/2018/10/heatmap-206-4.png;https://dialectsurvey.wordpress.com/wp-content/uploads/2018/10/heatmap-206-5.png;https://dialectsurvey.wordpress.com/wp-content/uploads/2018/10/heatmap-206-6.png;https://dialectsurvey.wordpress.com/wp-content/uploads/2018/10/heatmap-206-7.png;https://dialectsurvey.wordpress.com/wp-content/uploads/2018/10/heatmap-206-8.png,8
209,q209-what-might-you-call-a-food-item-including-for-example-noodles-tuna-and-peas-all-baked-together-in-a-deep-dish,https://dialectsurvey.wordpress.com/2019/08/14/q209-what-might-you-call-a-food-item-including-for-example-noodles-tuna-and-peas-all-baked-together-in-a-deep-dish/,"What might you call a food item including, for example, noodles, tuna fish, and peas, all baked together in a deep dish?",https://dialectsurvey.wordpress.com/wp-content/uploads/2019/08/heatmap.209.1.png;https://dialectsurvey.wordpress.com/wp-content/uploads/2019/08/heatmap.209.2.png;https://dialectsurvey.wordpress.com/wp-content/uploads/2019/08/heatmap.209.3.png,3
228,q228-how-do-you-pronounce-the-plural-of-bath,https://dialectsurvey.wordpress.com/2018/10/24/q228-how-do-you-pronounce-the-plural-of-bath/,How do you pronounce the plural of bath?,https://dialectsurvey.wordpress.com/wp-content/uploads/2018/10/heatmap-228-1.png;https://dialectsurvey.wordpress.com/wp-content/uploads/2018/10/heatmap-228-2.png;https://dialectsurvey.wordpress.com/wp-content/uploads/2018/10/heatmap-228-3.png,3
229,q229-would-you-say-where-are-you-at,https://dialectsurvey.wordpress.com/2018/10/27/q229-would-you-say-where-are-you-at/,Would you say “where are you at?” to mean “where are you?,https://dialectsurvey.wordpress.com/wp-content/uploads/2018/10/heatmap-229-1.png;https://dialectsurvey.wordpress.com/wp-content/uploads/2018/10/heatmap-229-2.png;https://dialectsurvey.wordpress.com/wp-content/uploads/2018/10/heatmap-229-3.png,3
234,q234-what-do-you-call-the-thing-you-wear-in-winter-to-keep-your-head-warm-thats-shaped-like-a-sock-that-you-pull-over-your-head-and-neck-with-a-hole-cut-out-for-your-eyes,https://dialectsurvey.wordpress.com/2018/10/19/q234-what-do-you-call-the-thing-you-wear-in-winter-to-keep-your-head-warm-thats-shaped-like-a-sock-that-you-pull-over-your-head-and-neck-with-a-hole-cut-out-for-your-eyes/,What do you call the thing you wear in the winter to keep your head warm that’s shaped like a sock that you pull over your head and neck with a hole cut out for your eyes or face?,https://dialectsurvey.wordpress.com/wp-content/uploads/2018/10/heatmap-234-1.png;https://dialectsurvey.wordpress.com/wp-content/uploads/2018/10/heatmap-234-2.png;https://dialectsurvey.wordpress.com/wp-content/uploads/2018/10/heatmap-234-3.png;https://dialectsurvey.wordpress.com/wp-content/uploads/2018/10/heatmap-234-4.png;https://dialectsurvey.wordpress.com/wp-content/uploads/2018/10/heatmap-234-5.png,5
250,q250-how-do-you-pronounce-talk-and-walk,https://dialectsurvey.wordpress.com/2020/10/21/q250-how-do-you-pronounce-talk-and-walk/,How do you pronounce talk and walk?,https://dialectsurvey.wordpress.com/wp-content/uploads/2020/10/heatmap.250.1.png;https://dialectsurvey.wordpress.com/wp-content/uploads/2020/10/heatmap.250.2.png;https://dialectsurvey.wordpress.com/wp-content/uploads/2020/10/heatmap.250.3.png,3
251,q251-how-do-you-pronounce-cement,https://dialectsurvey.wordpress.com/2019/08/14/q251-how-do-you-pronounce-cement/,How do you pronounce cement?,https://dialectsurvey.wordpress.com/wp-content/uploads/2019/08/heatmap.251.1.png;https://dialectsurvey.wordpress.com/wp-content/uploads/2019/08/heatmap.251.2.png;https://dialectsurvey.wordpress.com/wp-content/uploads/2019/08/heatmap.251.3.png;https://dialectsurvey.wordpress.com/wp-content/uploads/2019/08/heatmap.251.4.png;https://dialectsurvey.wordpress.com/wp-content/uploads/2019/08/heatmap.251.5.png,5
264,q264-what-do-you-call-the-area-of-grass-that-occurs-in-the-middle-of-some-streets,https://dialectsurvey.wordpress.com/2018/10/30/q264-what-do-you-call-the-area-of-grass-that-occurs-in-the-middle-of-some-streets/,What do you call the area of grass that occurs in the middle of some streets?,https://dialectsurvey.wordpress.com/wp-content/uploads/2018/10/heatmap-264-1.png;https://dialectsurvey.wordpress.com/wp-content/uploads/2018/10/heatmap-264-2.png;https://dialectsurvey.wordpress.com/wp-content/uploads/2018/10/heatmap-264-3.png;https://dialectsurvey.wordpress.com/wp-content/uploads/2018/10/heatmap-264-4.png;https://dialectsurvey.wordpress.com/wp-content/uploads/2018/10/heatmap-264-5.png;https://dialectsurvey.wordpress.com/wp-content/uploads/2018/10/heatmap-264-6.png;https://dialectsurvey.wordpress.com/wp-content/uploads/2018/10/heatmap-264-7.png;https://dialectsurvey.wordpress.com/wp-content/uploads/2018/10/heatmap-264-8.png,8
267,q267-what-do-you-call-a-car-in-which-you-have-to-step-on-the-clutch-and-fiddle-with-a-lever-to-change-gears,https://dialectsurvey.wordpress.com/2020/11/14/q267-what-do-you-call-a-car-in-which-you-have-to-step-on-the-clutch-and-fiddle-with-a-lever-to-change-gears/,What do you call a car in which you have to step on the clutch and fiddle with a lever to change gears?,https://dialectsurvey.wordpress.com/wp-content/uploads/2020/11/heatmap.267.1.png;https://dialectsurvey.wordpress.com/wp-content/uploads/2020/11/heatmap.267.2.png;https://dialectsurvey.wordpress.com/wp-content/uploads/2020/11/heatmap.267.3-1.png;https://dialectsurvey.wordpress.com/wp-content/uploads/2020/11/heatmap.267.4-1.png;https://dialectsurvey.wordpress.com/wp-content/uploads/2020/11/heatmap.267.5-1.png;https://dialectsurvey.wordpress.com/wp-content/uploads/2020/11/heatmap.267.6-1.png,6
271,q271-what-do-you-call-the-container-with-a-handle-that-you-might-use-to-transport-water,https://dialectsurvey.wordpress.com/2019/08/14/q271-what-do-you-call-the-container-with-a-handle-that-you-might-use-to-transport-water/,What do you call the container with a handle that you might use to transport water?,https://dialectsurvey.wordpress.com/wp-content/uploads/2019/08/heatmap.271.1.png;https://dialectsurvey.wordpress.com/wp-content/uploads/2019/08/heatmap.271.2.png;https://dialectsurvey.wordpress.com/wp-content/uploads/2019/08/heatmap.271.3.png;https://dialectsurvey.wordpress.com/wp-content/uploads/2019/08/heatmap.271.4.png;https://dialectsurvey.wordpress.com/wp-content/uploads/2019/08/heatmap.271.5.png,5
272,q272-what-do-you-call-a-set-of-52-playing-cards,https://dialectsurvey.wordpress.com/2019/08/14/q272-what-do-you-call-a-set-of-52-playing-cards/,What do you call a set of 52 playing cards?,https://dialectsurvey.wordpress.com/wp-content/uploads/2019/08/heatmap.272.1.png;https://dialectsurvey.wordpress.com/wp-content/uploads/2019/08/heatmap.272.2.png;https://dialectsurvey.wordpress.com/wp-content/uploads/2019/08/heatmap.272.3.png,3
274,q274-what-does-the-word-spendthrift-refer-to,https://dialectsurvey.wordpress.com/2020/11/14/q274-what-does-the-word-spendthrift-refer-to/,What does the word spendthrift refer to?,https://dialectsurvey.wordpress.com/wp-content/uploads/2020/11/heatmap.274.1.png;https://dialectsurvey.wordpress.com/wp-content/uploads/2020/11/heatmap.274.2.png;https://dialectsurvey.wordpress.com/wp-content/uploads/2020/11/heatmap.274.3.png;https://dialectsurvey.wordpress.com/wp-content/uploads/2020/11/heatmap.274.4.png,4
277,q277-would-you-say-stoop-to-mean-the-front-steps-of-a-building-where-the-front-door-opens-onto-the-sidewalk,https://dialectsurvey.wordpress.com/2020/11/14/q277-would-you-say-stoop-to-mean-the-front-steps-of-a-building-where-the-front-door-opens-onto-the-sidewalk/,"Would you say “stoop” to mean “the front steps of a building, where the front door opens onto the sidewalk”?",https://dialectsurvey.wordpress.com/wp-content/uploads/2020/11/heatmap.277.1.png;https://dialectsurvey.wordpress.com/wp-content/uploads/2020/11/heatmap.277.2.png;https://dialectsurvey.wordpress.com/wp-content/uploads/2020/11/heatmap.277.3.png,3
278,q278-how-do-you-pronounce-anti-as-in-anti-social-or-anti-communist,https://dialectsurvey.wordpress.com/2018/10/17/q278-how-do-you-pronounce-anti-as-in-anti-social-or-anti-communist/,"How do you pronounce anti-, as in as in “anti-social” or “anti-Communist?”",https://dialectsurvey.wordpress.com/wp-content/uploads/2018/10/heatmap-278-1.png;https://dialectsurvey.wordpress.com/wp-content/uploads/2018/10/heatmap-278-2.png;https://dialectsurvey.wordpress.com/wp-content/uploads/2018/10/heatmap-278-3.png;https://dialectsurvey.wordpress.com/wp-content/uploads/2018/10/heatmap-278-4.png,4
279,q279-how-do-you-pronounce-the-third-vowel-in-anybody,https://dialectsurvey.wordpress.com/2018/10/17/q279-how-do-you-pronounce-the-third-vowel-in-anybody/,How do you pronounce the third vowel in anybody?,https://dialectsurvey.wordpress.com/wp-content/uploads/2018/10/heatmap-279-1.png;https://dialectsurvey.wordpress.com/wp-content/uploads/2018/10/heatmap-279-2.png;https://dialectsurvey.wordpress.com/wp-content/uploads/2018/10/heatmap-279-3.png;https://dialectsurvey.wordpress.com/wp-content/uploads/2018/10/heatmap-279-4.png,4
285,q285-how-do-you-pronounce-the-first-vowel-in-tournament,https://dialectsurvey.wordpress.com/2020/11/13/q285-how-do-you-pronounce-the-first-vowel-in-tournament/,How do you pronounce the first vowel in tournament?,https://dialectsurvey.wordpress.com/wp-content/uploads/2020/11/heatmap.285.1.png;https://dialectsurvey.wordpress.com/wp-content/uploads/2020/11/heatmap.285.2.png;https://dialectsurvey.wordpress.com/wp-content/uploads/2020/11/heatmap.285.3.png,3
286,how-do-you-pronounce-the-second-consonant-in-baptist,https://dialectsurvey.wordpress.com/2018/10/24/how-do-you-pronounce-the-second-consonant-in-baptist/,How do you pronounce the second consonant in Baptist?,https://dialectsurvey.wordpress.com/wp-content/uploads/2018/10/heatmap-286-1.png;https://dialectsurvey.wordpress.com/wp-content/uploads/2018/10/heatmap-286-2.png,2
287,q287-how-do-you-pronounce-the-last-consonant-in-blouse,https://dialectsurvey.wordpress.com/2018/10/24/q287-how-do-you-pronounce-the-last-consonant-in-blouse/,How do you pronounce the last consonant in blouse?,https://dialectsurvey.wordpress.com/wp-content/uploads/2018/10/heatmap-287-1.png;https://dialectsurvey.wordpress.com/wp-content/uploads/2018/10/heatmap-287-2.png,2
292,q292-what-term-do-you-use-for-a-single-eyebrow-that-spans-both-eyes-and-connects-above-them,https://dialectsurvey.wordpress.com/2020/11/13/q292-what-term-do-you-use-for-a-single-eyebrow-that-spans-both-eyes-and-connects-above-them/,What term do you use for a single eyebrow that spans both eyes and connects above the nose?,https://dialectsurvey.wordpress.com/wp-content/uploads/2020/11/heatmap.292.1.png;https://dialectsurvey.wordpress.com/wp-content/uploads/2020/11/heatmap.292.2.png;https://dialectsurvey.wordpress.com/wp-content/uploads/2020/11/heatmap.292.3.png;https://dialectsurvey.wordpress.com/wp-content/uploads/2020/11/heatmap.292.4.png,4
300,q300-when-a-small-sharp-fragment-of-wood-gets-stuck-in-your-finger-you-have-a-______,https://dialectsurvey.wordpress.com/2020/11/14/q300-when-a-small-sharp-fragment-of-wood-gets-stuck-in-your-finger-you-have-a-______/,"When a small sharp fragment of wood gets stuck in your finger, you have a —",https://dialectsurvey.wordpress.com/wp-content/uploads/2020/11/heatmap.300.1.png;https://dialectsurvey.wordpress.com/wp-content/uploads/2020/11/heatmap.300.2.png;https://dialectsurvey.wordpress.com/wp-content/uploads/2020/11/heatmap.300.3.png,3
301,q301-what-is-a-spa,https://dialectsurvey.wordpress.com/2020/11/14/q301-what-is-a-spa/,What is a spa?,https://dialectsurvey.wordpress.com/wp-content/uploads/2020/11/heatmap.301.1.png;https://dialectsurvey.wordpress.com/wp-content/uploads/2020/11/heatmap.301.2.png;https://dialectsurvey.wordpress.com/wp-content/uploads/2020/11/heatmap.301.3.png;https://dialectsurvey.wordpress.com/wp-content/uploads/2020/11/heatmap.301.4.png;https://dialectsurvey.wordpress.com/wp-content/uploads/2020/11/heatmap.301.5.png;https://dialectsurvey.wordpress.com/wp-content/uploads/2020/11/heatmap.301.6.png;https://dialectsurvey.wordpress.com/wp-content/uploads/2020/11/heatmap.301.7-1.png;https://dialectsurvey.wordpress.com/wp-content/uploads/2020/11/heatmap.301.8-1.png,8
302,q302-what-is-a-waterbug,https://dialectsurvey.wordpress.com/2020/10/21/q302-what-is-a-waterbug/,What is a waterbug?,https://dialectsurvey.wordpress.com/wp-content/uploads/2020/10/heatmap.302.1.png;https://dialectsurvey.wordpress.com/wp-content/uploads/2020/10/heatmap.302.2.png;https://dialectsurvey.wordpress.com/wp-content/uploads/2020/10/heatmap.302.3.png,3
304,q304-would-you-say-tump-over-to-mean-fall-over-when-something-isnt-balanced-for-example,https://dialectsurvey.wordpress.com/2020/11/13/q304-would-you-say-tump-over-to-mean-fall-over-when-something-isnt-balanced-for-example/,"Would you say “tump over” to mean “fall over” (when something isn’t balanced, for example)?",https://dialectsurvey.wordpress.com/wp-content/uploads/2020/11/heatmap.304.1.png;https://dialectsurvey.wordpress.com/wp-content/uploads/2020/11/heatmap.304.2-1.png;https://dialectsurvey.wordpress.com/wp-content/uploads/2020/11/heatmap.304.3.png,3
305,q305-what-do-you-call-the-imaginary-person-or-hobgoblin-used-to-threaten-children-and-make-them-behave,https://dialectsurvey.wordpress.com/2018/10/30/q305-what-do-you-call-the-imaginary-person-or-hobgoblin-used-to-threaten-children-and-make-them-behave/,"What do you call the imaginary person or hobgoblin used to threaten children and make them behave? (Please answer according to how you pronounce the word, rather than how you think it should be spelled; but watch out for the fourth choice)",https://dialectsurvey.wordpress.com/wp-content/uploads/2018/10/heatmap-305-1.png;https://dialectsurvey.wordpress.com/wp-content/uploads/2018/10/heatmap-305-2.png;https://dialectsurvey.wordpress.com/wp-content/uploads/2018/10/heatmap-305-3.png;https://dialectsurvey.wordpress.com/wp-content/uploads/2018/10/heatmap-305-4.png;https://dialectsurvey.wordpress.com/wp-content/uploads/2018/10/heatmap-305-5.png;https://dialectsurvey.wordpress.com/wp-content/uploads/2018/10/heatmap-305-6.png;https://dialectsurvey.wordpress.com/wp-content/uploads/2018/10/heatmap-305-7.png;https://dialectsurvey.wordpress.com/wp-content/uploads/2018/10/heatmap-305-8.png,8
312,q312-how-do-you-pronounce-always,https://dialectsurvey.wordpress.com/2018/10/17/q312-how-do-you-pronounce-always/,How do you pronounce always?,https://dialectsurvey.wordpress.com/wp-content/uploads/2018/10/heatmap-312-1.png;https://dialectsurvey.wordpress.com/wp-content/uploads/2018/10/heatmap-312-2.png;https://dialectsurvey.wordpress.com/wp-content/uploads/2018/10/heatmap-312-3.png,3
314,q314-how-do-you-pronounce-the-c-in-associate,https://dialectsurvey.wordpress.com/2018/10/17/q314-how-do-you-pronounce-the-c-in-associate/,How do you pronounce the “c” in associate?,https://dialectsurvey.wordpress.com/wp-content/uploads/2018/10/heatmap-314-1.png;https://dialectsurvey.wordpress.com/wp-content/uploads/2018/10/heatmap-314-2.png;https://dialectsurvey.wordpress.com/wp-content/uploads/2018/10/heatmap-314-3.png;https://dialectsurvey.wordpress.com/wp-content/uploads/2018/10/heatmap-314-4.png;https://dialectsurvey.wordpress.com/wp-content/uploads/2018/10/heatmap-314-5.png,5
315,q315-how-do-you-pronounce-candidate,https://dialectsurvey.wordpress.com/2019/08/14/q315-how-do-you-pronounce-candidate/,How do you pronounce candidate?,https://dialectsurvey.wordpress.com/wp-content/uploads/2019/08/heatmap.315.1.png;https://dialectsurvey.wordpress.com/wp-content/uploads/2019/08/heatmap.315.2.png;https://dialectsurvey.wordpress.com/wp-content/uploads/2019/08/heatmap.315.3.png;https://dialectsurvey.wordpress.com/wp-content/uploads/2019/08/heatmap.315.4.png;https://dialectsurvey.wordpress.com/wp-content/uploads/2019/08/heatmap.315.5.png,5
318,q318-how-do-you-pronounce-wolf,https://dialectsurvey.wordpress.com/2018/10/26/q318-how-do-you-pronounce-wolf/,How do you pronounce wolf?,https://dialectsurvey.wordpress.com/wp-content/uploads/2018/10/heatmap-318-1.png;https://dialectsurvey.wordpress.com/wp-content/uploads/2018/10/heatmap-318-2.png,2
327,q327-alls-you-have-to-do-is-sit-back-and-relax,https://dialectsurvey.wordpress.com/2018/10/17/q327-alls-you-have-to-do-is-sit-back-and-relax/,All’s you have to do is sit back and relax.,https://dialectsurvey.wordpress.com/wp-content/uploads/2018/10/heatmap-327-1.png;https://dialectsurvey.wordpress.com/wp-content/uploads/2018/10/heatmap-327-2.png;https://dialectsurvey.wordpress.com/wp-content/uploads/2018/10/heatmap-327-3.png,3
328,q328-if-you-have-a-dollar-bill-and-need-coins-instead-would-you-ask-for-change-for-a-dollar-or-change-of-a-dollar,https://dialectsurvey.wordpress.com/2019/08/14/q328-if-you-have-a-dollar-bill-and-need-coins-instead-would-you-ask-for-change-for-a-dollar-or-change-of-a-dollar/,"If you have a dollar bill and need coins instead, would you ask for “change for a dollar” or “change of a dollar”?",https://dialectsurvey.wordpress.com/wp-content/uploads/2019/08/heatmap.328.1.png;https://dialectsurvey.wordpress.com/wp-content/uploads/2019/08/heatmap.328.2.png,2
329,q329-which-sounds-better-i-dont-have-any-cash-to-hand-right-now-or-i-dont-have-any-cash-at-hand-right-now,https://dialectsurvey.wordpress.com/2018/10/17/q329-which-sounds-better-i-dont-have-any-cash-to-hand-right-now-or-i-dont-have-any-cash-at-hand-right-now/,Which sounds better: “I don’t have any cash to hand right now” or “I don’t have any cash at hand right now”?,https://dialectsurvey.wordpress.com/wp-content/uploads/2018/10/heatmap-329-1.png;https://dialectsurvey.wordpress.com/wp-content/uploads/2018/10/heatmap-329-2.png;https://dialectsurvey.wordpress.com/wp-content/uploads/2018/10/heatmap-329-3.png;https://dialectsurvey.wordpress.com/wp-content/uploads/2018/10/heatmap-329-4.png,4
330,q330-what-do-you-call-food-that-you-buy-at-a-restaurant-but-then-eat-at-home,https://dialectsurvey.wordpress.com/2020/11/13/q330-what-do-you-call-food-that-you-buy-at-a-restaurant-but-then-eat-at-home/,What do you call food that you buy at a restaurant but then eat at home?,https://dialectsurvey.wordpress.com/wp-content/uploads/2020/11/heatmap.330.1-1.png;https://dialectsurvey.wordpress.com/wp-content/uploads/2020/11/heatmap.330.2.png;https://dialectsurvey.wordpress.com/wp-content/uploads/2020/11/heatmap.330.3.png;https://dialectsurvey.wordpress.com/wp-content/uploads/2020/11/heatmap.330.4.png;https://dialectsurvey.wordpress.com/wp-content/uploads/2020/11/heatmap.330.5-1.png,5
332,q332-what-do-you-call-the-bready-stuff-that-you-might-serve-with-or-in-a-roast-turkey,https://dialectsurvey.wordpress.com/2020/11/14/q332-what-do-you-call-the-bready-stuff-that-you-might-serve-with-or-in-a-roast-turkey/,"What do you call the bready stuff that you might serve with, or in, a roast turkey?",https://dialectsurvey.wordpress.com/wp-content/uploads/2020/11/heatmap.332.1.png;https://dialectsurvey.wordpress.com/wp-content/uploads/2020/11/heatmap.332.2.png;https://dialectsurvey.wordpress.com/wp-content/uploads/2020/11/heatmap.332.3.png;https://dialectsurvey.wordpress.com/wp-content/uploads/2020/11/heatmap.332.4.png;https://dialectsurvey.wordpress.com/wp-content/uploads/2020/11/heatmap.332.5-1.png;https://dialectsurvey.wordpress.com/wp-content/uploads/2020/11/heatmap.332.6.png,6
333,q333-what-do-you-call-the-insect-that-looks-like-a-large-thin-spider-and-skitters-along-the-top-of-water,https://dialectsurvey.wordpress.com/2020/10/21/q333-what-do-you-call-the-insect-that-looks-like-a-large-thin-spider-and-skitters-along-the-top-of-water/,What do you call the insect that looks like a large thin spider and skitters along the top of water?,https://dialectsurvey.wordpress.com/wp-content/uploads/2020/10/heatmap.333.1.png;https://dialectsurvey.wordpress.com/wp-content/uploads/2020/10/heatmap.333.2.png;https://dialectsurvey.wordpress.com/wp-content/uploads/2020/10/heatmap.333.3.png;https://dialectsurvey.wordpress.com/wp-content/uploads/2020/10/heatmap.333.4.png;https://dialectsurvey.wordpress.com/wp-content/uploads/2020/10/heatmap.333.5.png;https://dialectsurvey.wordpress.com/wp-content/uploads/2020/10/heatmap.333.6.png;https://dialectsurvey.wordpress.com/wp-content/uploads/2020/10/heatmap.333.7.png;https://dialectsurvey.wordpress.com/wp-content/uploads/2020/10/heatmap.333.8.png;https://dialectsurvey.wordpress.com/wp-content/uploads/2020/10/heatmap.333.9.png;https://dialectsurvey.wordpress.com/wp-content/uploads/2020/10/heatmap.333.10.png;https://dialectsurvey.wordpress.com/wp-content/uploads/2020/10/heatmap.333.11.png;https://dialectsurvey.wordpress.com/wp-content/uploads/2020/10/heatmap.333.12.png;https://dialectsurvey.wordpress.com/wp-content/uploads/2020/10/heatmap.333.13.png;https://dialectsurvey.wordpress.com/wp-content/uploads/2020/10/heatmap.333.14.png;https://dialectsurvey.wordpress.com/wp-content/uploads/2020/10/heatmap.333.15.png;https://dialectsurvey.wordpress.com/wp-content/uploads/2020/10/heatmap.333.16.png;https://dialectsurvey.wordpress.com/wp-content/uploads/2020/10/heatmap.333.17.png;https://dialectsurvey.wordpress.com/wp-content/uploads/2020/10/heatmap.333.18.png,18
334,q334-what-do-you-call-a-drive-through-liquor-store,https://dialectsurvey.wordpress.com/2019/08/13/q334-what-do-you-call-a-drive-through-liquor-store/,What do you call a drive-through liquor store?,https://dialectsurvey.wordpress.com/wp-content/uploads/2019/08/heatmap.334.1.png;https://dialectsurvey.wordpress.com/wp-content/uploads/2019/08/heatmap.334.2.png;https://dialectsurvey.wordpress.com/wp-content/uploads/2019/08/heatmap.334.3.png;https://dialectsurvey.wordpress.com/wp-content/uploads/2019/08/heatmap.334.4.png;https://dialectsurvey.wordpress.com/wp-content/uploads/2019/08/heatmap.334.5.png;https://dialectsurvey.wordpress.com/wp-content/uploads/2019/08/heatmap.334.6.png;https://dialectsurvey.wordpress.com/wp-content/uploads/2019/08/heatmap.334.7.png;https://dialectsurvey.wordpress.com/wp-content/uploads/2019/08/heatmap.334.8.png,8
336,q336-what-do-you-call-a-narrow-passageway-between-buildings-in-the-city,https://dialectsurvey.wordpress.com/2018/10/17/q336-what-do-you-call-a-narrow-passageway-between-buildings-in-the-city/,What do you call a narrow passageway between buildings in the city?,https://dialectsurvey.wordpress.com/wp-content/uploads/2018/10/heatmap-336-1.png;https://dialectsurvey.wordpress.com/wp-content/uploads/2018/10/heatmap-336-2.png;https://dialectsurvey.wordpress.com/wp-content/uploads/2018/10/heatmap-336-3.png;https://dialectsurvey.wordpress.com/wp-content/uploads/2018/10/heatmap-336-4.png;https://dialectsurvey.wordpress.com/wp-content/uploads/2018/10/heatmap-336-5.png;https://dialectsurvey.wordpress.com/wp-content/uploads/2018/10/heatmap-336-6.png,6
339,q339-whats-your-general-term-for-the-light-at-an-intersection-that-turns-green-and-red-and-regulates-traffic,https://dialectsurvey.wordpress.com/2020/11/14/q339-whats-your-general-term-for-the-light-at-an-intersection-that-turns-green-and-red-and-regulates-traffic/,What’s your general term for the light at an intersection that turns green and red and regulates traffic?,https://dialectsurvey.wordpress.com/wp-content/uploads/2020/11/heatmap.339.1.png;https://dialectsurvey.wordpress.com/wp-content/uploads/2020/11/heatmap.339.2.png;https://dialectsurvey.wordpress.com/wp-content/uploads/2020/11/heatmap.339.3-1.png;https://dialectsurvey.wordpress.com/wp-content/uploads/2020/11/heatmap.339.4.png,4
340,q340-which-of-these-terms-would-you-use-to-mean-make-a-u-turn,https://dialectsurvey.wordpress.com/2020/11/13/q340-which-of-these-terms-would-you-use-to-mean-make-a-u-turn/,Which of these terms would you use to mean “make a u-turn”?,https://dialectsurvey.wordpress.com/wp-content/uploads/2020/11/heatmap.340.1.png;https://dialectsurvey.wordpress.com/wp-content/uploads/2020/11/heatmap.340.2.png;https://dialectsurvey.wordpress.com/wp-content/uploads/2020/11/heatmap.340.3.png;https://dialectsurvey.wordpress.com/wp-content/uploads/2020/11/heatmap.340.4.png;https://dialectsurvey.wordpress.com/wp-content/uploads/2020/11/heatmap.340.5.png;https://dialectsurvey.wordpress.com/wp-content/uploads/2020/11/heatmap.340.6.png;https://dialectsurvey.wordpress.com/wp-content/uploads/2020/11/heatmap.340.7.png,7
341,q341-what-do-you-call-a-patch-of-ice-on-a-roadway-that-is-nearly-invisible-or-just-looks-like-water-on-the-road-and-is-very-slippery,https://dialectsurvey.wordpress.com/2018/10/24/q341-what-do-you-call-a-patch-of-ice-on-a-roadway-that-is-nearly-invisible-or-just-looks-like-water-on-the-road-and-is-very-slippery/,What do you call a patch of ice on a roadway that is nearly invisible (or just looks like water on the road) and is very slippery?,https://dialectsurvey.wordpress.com/wp-content/uploads/2018/10/heatmap-341-1.png;https://dialectsurvey.wordpress.com/wp-content/uploads/2018/10/heatmap-341-2.png;https://dialectsurvey.wordpress.com/wp-content/uploads/2018/10/heatmap-341-3.png;https://dialectsurvey.wordpress.com/wp-content/uploads/2018/10/heatmap-341-4.png;https://dialectsurvey.wordpress.com/wp-content/uploads/2018/10/heatmap-341-5.png,5
343,q343-what-do-you-call-a-small-hard-rubber-ball-that-is-designed-to-bounce-really-high,https://dialectsurvey.wordpress.com/2018/10/30/q343-what-do-you-call-a-small-hard-rubber-ball-that-is-designed-to-bounce-really-high/,What do you call a small hard rubber ball that is designed to bounce really high?,https://dialectsurvey.wordpress.com/wp-content/uploads/2018/10/heatmap-343-1.png;https://dialectsurvey.wordpress.com/wp-content/uploads/2018/10/heatmap-343-2.png;https://dialectsurvey.wordpress.com/wp-content/uploads/2018/10/heatmap-343-3.png;https://dialectsurvey.wordpress.com/wp-content/uploads/2018/10/heatmap-343-4.png,4
346,q346-whats-the-difference-between-a-supermarket-and-a-grocery-store,https://dialectsurvey.wordpress.com/2020/11/14/q346-whats-the-difference-between-a-supermarket-and-a-grocery-store/,What’s the difference between a supermarket and a grocery store?,https://dialectsurvey.wordpress.com/wp-content/uploads/2020/11/heatmap.346.1.png;https://dialectsurvey.wordpress.com/wp-content/uploads/2020/11/heatmap.346.2-1.png;https://dialectsurvey.wordpress.com/wp-content/uploads/2020/11/heatmap.346.3-1.png,3
351,q351-how-do-you-pronounce-the-last-vowel-sound-in-centaur,https://dialectsurvey.wordpress.com/2019/08/14/q351-how-do-you-pronounce-the-last-vowel-sound-in-centaur/,How do you pronounce the last vowel sound in centaur?,https://dialectsurvey.wordpress.com/wp-content/uploads/2019/08/heatmap.351.1.png;https://dialectsurvey.wordpress.com/wp-content/uploads/2019/08/heatmap.351.2.png;https://dialectsurvey.wordpress.com/wp-content/uploads/2019/08/heatmap.351.3.png;https://dialectsurvey.wordpress.com/wp-content/uploads/2019/08/heatmap.351.4.png;https://dialectsurvey.wordpress.com/wp-content/uploads/2019/08/heatmap.351.5.png;https://dialectsurvey.wordpress.com/wp-content/uploads/2019/08/heatmap.351.6.png,6
357,do-you-pronounce-the-word-across-as-acrost,https://dialectsurvey.wordpress.com/2018/10/10/do-you-pronounce-the-word-across-as-acrost/,Do you pronounce the word “across” as “acrost”?,https://dialectsurvey.wordpress.com/wp-content/uploads/2018/10/heatmap-357-1.png;https://dialectsurvey.wordpress.com/wp-content/uploads/2018/10/heatmap-357-2.png;https://dialectsurvey.wordpress.com/wp-content/uploads/2018/10/heatmap-357-3.png,3
361,q361-how-do-you-pronounce-the-second-consonant-in-amateur,https://dialectsurvey.wordpress.com/2018/10/17/q361-how-do-you-pronounce-the-second-consonant-in-amateur/,How do you pronounce the second consonant in amateur?,https://dialectsurvey.wordpress.com/wp-content/uploads/2018/10/heatmap-361-1.png;https://dialectsurvey.wordpress.com/wp-content/uploads/2018/10/heatmap-361-2.png;https://dialectsurvey.wordpress.com/wp-content/uploads/2018/10/heatmap-361-3.png;https://dialectsurvey.wordpress.com/wp-content/uploads/2018/10/heatmap-361-4.png,4
362,q362-how-do-you-pronounce-ask,https://dialectsurvey.wordpress.com/2018/10/17/q362-how-do-you-pronounce-ask/,How do you pronounce ask?,https://dialectsurvey.wordpress.com/wp-content/uploads/2018/10/heatmap-362-1.png;https://dialectsurvey.wordpress.com/wp-content/uploads/2018/10/heatmap-362-2.png,2
363,q363-how-do-you-pronounce-the-s-in-asphalt,https://dialectsurvey.wordpress.com/2018/10/17/q363-how-do-you-pronounce-the-s-in-asphalt/,How do you pronounce the “s” in asphalt?,https://dialectsurvey.wordpress.com/wp-content/uploads/2018/10/heatmap-363-1.png;https://dialectsurvey.wordpress.com/wp-content/uploads/2018/10/heatmap-363-2.png,2
364,q364-how-do-you-pronounce-badminton,https://dialectsurvey.wordpress.com/2018/10/19/q364-how-do-you-pronounce-badminton/,How do you pronounce badminton?,https://dialectsurvey.wordpress.com/wp-content/uploads/2018/10/heatmap-364-1.png;https://dialectsurvey.wordpress.com/wp-content/uploads/2018/10/heatmap-364-2.png;https://dialectsurvey.wordpress.com/wp-content/uploads/2018/10/heatmap-364-3.png,3
375,q375-how-do-you-pronounce-big-mac,https://dialectsurvey.wordpress.com/2018/10/24/q375-how-do-you-pronounce-big-mac/,How do you pronounce Big Mac?,https://dialectsurvey.wordpress.com/wp-content/uploads/2018/10/heatmap-375-1.png;https://dialectsurvey.wordpress.com/wp-content/uploads/2018/10/heatmap-375-2.png;https://dialectsurvey.wordpress.com/wp-content/uploads/2018/10/heatmap-375-3.png,3
377,q377-even-though-im-afraid-to-use-electrical-appliances-in-the-bathroom-this-morning-i-my-hair,https://dialectsurvey.wordpress.com/2018/10/24/q377-even-though-im-afraid-to-use-electrical-appliances-in-the-bathroom-this-morning-i-my-hair/,"Even though I’m afraid to use electrical appliances in the bathroom, this morning I … my hair.",https://dialectsurvey.wordpress.com/wp-content/uploads/2018/10/heatmap-377-1.png;https://dialectsurvey.wordpress.com/wp-content/uploads/2018/10/heatmap-377-2.png;https://dialectsurvey.wordpress.com/wp-content/uploads/2018/10/heatmap-377-3.png;https://dialectsurvey.wordpress.com/wp-content/uploads/2018/10/heatmap-377-4.png,4
380,q380-what-do-you-call-the-end-of-a-loaf-of-bread,https://dialectsurvey.wordpress.com/2019/08/13/q380-what-do-you-call-the-end-of-a-loaf-of-bread/,What do you call the end of a loaf of bread?,https://dialectsurvey.wordpress.com/wp-content/uploads/2019/08/heatmap.380.1.png;https://dialectsurvey.wordpress.com/wp-content/uploads/2019/08/heatmap.380.2.png;https://dialectsurvey.wordpress.com/wp-content/uploads/2019/08/heatmap.380.3.png;https://dialectsurvey.wordpress.com/wp-content/uploads/2019/08/heatmap.380.4.png;https://dialectsurvey.wordpress.com/wp-content/uploads/2019/08/heatmap.380.5.png;https://dialectsurvey.wordpress.com/wp-content/uploads/2019/08/heatmap.380.6.png;https://dialectsurvey.wordpress.com/wp-content/uploads/2019/08/heatmap.380.7.png,7
384,q384-what-do-you-call-what-happens-when-you-eat-ice-cream-too-fast-and-it-makes-your-head-hurt,https://dialectsurvey.wordpress.com/2019/08/13/q384-what-do-you-call-what-happens-when-you-eat-ice-cream-too-fast-and-it-makes-your-head-hurt/,What do you call what happens when you eat ice cream too fast and it makes your head hurt?,https://dialectsurvey.wordpress.com/wp-content/uploads/2019/08/heatmap.384.1.png;https://dialectsurvey.wordpress.com/wp-content/uploads/2019/08/heatmap.384.2.png;https://dialectsurvey.wordpress.com/wp-content/uploads/2019/08/heatmap.384.3.png;https://dialectsurvey.wordpress.com/wp-content/uploads/2019/08/heatmap.384.4.png;https://dialectsurvey.wordpress.com/wp-content/uploads/2019/08/heatmap.384.5.png,5
389,q389-what-do-you-call-a-lane-of-a-highway-or-freeway-thats-restricted-to-cars-with-multiple-people-in-them,https://dialectsurvey.wordpress.com/2019/08/14/q389-what-do-you-call-a-lane-of-a-highway-or-freeway-thats-restricted-to-cars-with-multiple-people-in-them/,What do you call a lane of a highway or freeway that’s restricted to cars with multiple people in them?,https://dialectsurvey.wordpress.com/wp-content/uploads/2019/08/heatmap.389.1.png;https://dialectsurvey.wordpress.com/wp-content/uploads/2019/08/heatmap.389.2.png;https://dialectsurvey.wordpress.com/wp-content/uploads/2019/08/heatmap.389.3.png;https://dialectsurvey.wordpress.com/wp-content/uploads/2019/08/heatmap.389.4.png;https://dialectsurvey.wordpress.com/wp-content/uploads/2019/08/heatmap.389.5.png,5
390,q390-what-name-do-you-use-for-a-game-in-which-one-player-throws-a-ball-against-a-wall-and-everyone-else-has-to-try-to-catch-it-when-it-bounces-back-or-not-get-hit-by-it,https://dialectsurvey.wordpress.com/2020/10/21/q390-what-name-do-you-use-for-a-game-in-which-one-player-throws-a-ball-against-a-wall-and-everyone-else-has-to-try-to-catch-it-when-it-bounces-back-or-not-get-hit-by-it/,"What name do you use for a game in which one player throws a ball against a wall, and everyone else has to try to catch it when it bounces back, or not get hit by it?",https://dialectsurvey.wordpress.com/wp-content/uploads/2020/10/heatmap.390.1.png;https://dialectsurvey.wordpress.com/wp-content/uploads/2020/10/heatmap.390.2.png;https://dialectsurvey.wordpress.com/wp-content/uploads/2020/10/heatmap.390.3.png;https://dialectsurvey.wordpress.com/wp-content/uploads/2020/10/heatmap.390.4-1.png;https://dialectsurvey.wordpress.com/wp-content/uploads/2020/10/heatmap.390.5-1.png;https://dialectsurvey.wordpress.com/wp-content/uploads/2020/10/heatmap.390.6.png;https://dialectsurvey.wordpress.com/wp-content/uploads/2020/10/heatmap.390.7.png;https://dialectsurvey.wordpress.com/wp-content/uploads/2020/10/heatmap.390.8.png;https://dialectsurvey.wordpress.com/wp-content/uploads/2020/10/heatmap.390.9.png;https://dialectsurvey.wordpress.com/wp-content/uploads/2020/10/heatmap.390.10.png;https://dialectsurvey.wordpress.com/wp-content/uploads/2020/10/heatmap.390.11.png;https://dialectsurvey.wordpress.com/wp-content/uploads/2020/10/heatmap.390.12.png;https://dialectsurvey.wordpress.com/wp-content/uploads/2020/10/heatmap.390.13.png;https://dialectsurvey.wordpress.com/wp-content/uploads/2020/10/heatmap.390.14.png;https://dialectsurvey.wordpress.com/wp-content/uploads/2020/10/heatmap.390.15.png;https://dialectsurvey.wordpress.com/wp-content/uploads/2020/10/heatmap.390.16.png,16
391,q391-what-do-you-call-the-athletic-activity-where-you-run-from-one-end-of-the-gym-field-court-one-quarter-of-the-way-then-halfway-across-and-back-then-three-quarters-of-the-wayand-back-and-then-all,https://dialectsurvey.wordpress.com/2020/11/14/q391-what-do-you-call-the-athletic-activity-where-you-run-from-one-end-of-the-gym-field-court-one-quarter-of-the-way-then-halfway-across-and-back-then-three-quarters-of-the-wayand-back-and-then-all/,"What do you call the athletic activity where you run from one end of the gym/field/court one quarter of the way to the other end, and back, and then halfway across and back, then three quarters of the way and back, and then all the way to the other end and back?",https://dialectsurvey.wordpress.com/wp-content/uploads/2020/11/heatmap.391.1.png;https://dialectsurvey.wordpress.com/wp-content/uploads/2020/11/heatmap.391.2.png;https://dialectsurvey.wordpress.com/wp-content/uploads/2020/11/heatmap.391.3.png;https://dialectsurvey.wordpress.com/wp-content/uploads/2020/11/heatmap.391.4.png,4
392,q392-what-do-you-call-the-wheeled-contraption-you-push-a-baby-around-in,https://dialectsurvey.wordpress.com/2020/11/14/q392-what-do-you-call-the-wheeled-contraption-you-push-a-baby-around-in/,What do you call the wheeled contraption you push a baby around in?,https://dialectsurvey.wordpress.com/wp-content/uploads/2020/11/heatmap.392.1.png;https://dialectsurvey.wordpress.com/wp-content/uploads/2020/11/heatmap.392.2.png;https://dialectsurvey.wordpress.com/wp-content/uploads/2020/11/heatmap.392.3.png;https://dialectsurvey.wordpress.com/wp-content/uploads/2020/11/heatmap.392.4.png;https://dialectsurvey.wordpress.com/wp-content/uploads/2020/11/heatmap.392.5.png;https://dialectsurvey.wordpress.com/wp-content/uploads/2020/11/heatmap.392.6-1.png;https://dialectsurvey.wordpress.com/wp-content/uploads/2020/11/heatmap.392.7.png,7
393,q393-what-do-you-call-the-thing-with-a-wheel-at-the-front-and-two-handles-at-the-back-that-you-lift-and-push-to-move-heavy-loads,https://dialectsurvey.wordpress.com/2020/10/21/q393-what-do-you-call-the-thing-with-a-wheel-at-the-front-and-two-handles-at-the-back-that-you-lift-and-push-to-move-heavy-loads/,What do you call the thing with a wheel at the front and two handles at the back that you lift and push to move heavy loads?,https://dialectsurvey.wordpress.com/wp-content/uploads/2020/10/heatmap.393.1-2.png;https://dialectsurvey.wordpress.com/wp-content/uploads/2020/10/heatmap.393.2-2.png;https://dialectsurvey.wordpress.com/wp-content/uploads/2020/10/heatmap.393.3-1.png,3
397,q397-do-you-use-the-term-bear-claw-for-a-kind-of-pastry,https://dialectsurvey.wordpress.com/2018/10/24/q397-do-you-use-the-term-bear-claw-for-a-kind-of-pastry/,Do you use the term “bear claw” for a kind of pastry?,https://dialectsurvey.wordpress.com/wp-content/uploads/2018/10/heatmap-397-1.png;https://dialectsurvey.wordpress.com/wp-content/uploads/2018/10/heatmap-397-2.png;https://dialectsurvey.wordpress.com/wp-content/uploads/2018/10/heatmap-397-3.png,3
401,q401-would-you-use-the-word-spendy-to-mean-expensive,https://dialectsurvey.wordpress.com/2020/11/14/q401-would-you-use-the-word-spendy-to-mean-expensive/,Would you use the word “spendy” to mean “expensive”?,https://dialectsurvey.wordpress.com/wp-content/uploads/2020/11/heatmap.401.1.png;https://dialectsurvey.wordpress.com/wp-content/uploads/2020/11/heatmap.401.2.png;https://dialectsurvey.wordpress.com/wp-content/uploads/2020/11/heatmap.401.3.png,3
402,q402-how-do-you-pronounce-appreciate,https://dialectsurvey.wordpress.com/2018/10/17/q402-how-do-you-pronounce-appreciate/,How do you pronounce appreciate?,https://dialectsurvey.wordpress.com/wp-content/uploads/2018/10/heatmap-402-1.png;https://dialectsurvey.wordpress.com/wp-content/uploads/2018/10/heatmap-402-2.png;https://dialectsurvey.wordpress.com/wp-content/uploads/2018/10/heatmap-402-3.png;https://dialectsurvey.wordpress.com/wp-content/uploads/2018/10/heatmap-402-4.png,4
411,q411-how-do-you-pronounce-their-there-and-theyre,https://dialectsurvey.wordpress.com/2020/11/13/q411-how-do-you-pronounce-their-there-and-theyre/,How do you pronounce “their”/”there”/”they’re”?,https://dialectsurvey.wordpress.com/wp-content/uploads/2020/11/heatmap.411.1.png;https://dialectsurvey.wordpress.com/wp-content/uploads/2020/11/heatmap.411.2.png;https://dialectsurvey.wordpress.com/wp-content/uploads/2020/11/heatmap.411.3.png;https://dialectsurvey.wordpress.com/wp-content/uploads/2020/11/heatmap.411.4-1.png;https://dialectsurvey.wordpress.com/wp-content/uploads/2020/11/heatmap.411.5.png,5
414,how-do-you-pronounce-absurd,https://dialectsurvey.wordpress.com/2018/09/25/how-do-you-pronounce-absurd/,How do you pronounce the “s” in absurd?,https://dialectsurvey.wordpress.com/wp-content/uploads/2018/09/heatmap-414-1.png;https://dialectsurvey.wordpress.com/wp-content/uploads/2018/09/heatmap-414-2.png,2
421,q421-do-you-say-supposably-or-supposedly,https://dialectsurvey.wordpress.com/2020/11/14/q421-do-you-say-supposably-or-supposedly/,Do you say supposably or supposedly?,https://dialectsurvey.wordpress.com/wp-content/uploads/2020/11/heatmap.421.1.png;https://dialectsurvey.wordpress.com/wp-content/uploads/2020/11/heatmap.421.2-1.png;https://dialectsurvey.wordpress.com/wp-content/uploads/2020/11/heatmap.421.3-1.png;https://dialectsurvey.wordpress.com/wp-content/uploads/2020/11/heatmap.421.4-1.png,4
423,q423-how-do-you-pronounce-umbrella,https://dialectsurvey.wordpress.com/2020/11/13/q423-how-do-you-pronounce-umbrella/,How do you pronounce umbrella?,https://dialectsurvey.wordpress.com/wp-content/uploads/2020/11/heatmap.423.1.png;https://dialectsurvey.wordpress.com/wp-content/uploads/2020/11/heatmap.423.2.png;https://dialectsurvey.wordpress.com/wp-content/uploads/2020/11/heatmap.423.3.png,3
425,q425-would-you-say-so-dont-i-to-mean-so-do-i-as-in-do-you-like-fish-sticks-i-dont-so-do-dont-i,https://dialectsurvey.wordpress.com/2020/11/14/q425-would-you-say-so-dont-i-to-mean-so-do-i-as-in-do-you-like-fish-sticks-i-dont-so-do-dont-i/,Would you say “so don’t I” to mean “so do I” (as in “Do you like fish sticks?” “Yeah.” “So don’t I!”)?,https://dialectsurvey.wordpress.com/wp-content/uploads/2020/11/heatmap.425.1.png;https://dialectsurvey.wordpress.com/wp-content/uploads/2020/11/heatmap.425.2-1.png;https://dialectsurvey.wordpress.com/wp-content/uploads/2020/11/heatmap.425.3-1.png,3
427,i-know-you-think-i-broke-your-favorite-vase-intentionally-but-i-swear-i-did-it,https://dialectsurvey.wordpress.com/2018/10/10/i-know-you-think-i-broke-your-favorite-vase-intentionally-but-i-swear-i-did-it/,"I know you think I broke your favorite vase intentionally, but I swear I did it ….",https://dialectsurvey.wordpress.com/wp-content/uploads/2018/10/heatmap-427-1.png;https://dialectsurvey.wordpress.com/wp-content/uploads/2018/10/heatmap-427-2.png;https://dialectsurvey.wordpress.com/wp-content/uploads/2018/10/heatmap-427-3.png;https://dialectsurvey.wordpress.com/wp-content/uploads/2018/10/heatmap-427-4.png,4
434,q434-which-term-do-you-use-for-a-small-harmless-striped-snake,https://dialectsurvey.wordpress.com/2020/11/14/q434-which-term-do-you-use-for-a-small-harmless-striped-snake/,Which term do you use for a small harmless striped snake?,https://dialectsurvey.wordpress.com/wp-content/uploads/2020/11/heatmap.434.1.png;https://dialectsurvey.wordpress.com/wp-content/uploads/2020/11/heatmap.434.2.png;https://dialectsurvey.wordpress.com/wp-content/uploads/2020/11/heatmap.434.3.png,3
436,q436-which-of-these-terms-do-you-prefer-for-the-tall-container-in-your-kitchen-in-which-you-might-throw-away-for-example-waste-from-cooking,https://dialectsurvey.wordpress.com/2020/11/13/q436-which-of-these-terms-do-you-prefer-for-the-tall-container-in-your-kitchen-in-which-you-might-throw-away-for-example-waste-from-cooking/,"Which of these terms do you prefer for the tall container in your kitchen in which you might throw away, for example, waste from cooking?",https://dialectsurvey.wordpress.com/wp-content/uploads/2020/11/heatmap.436.1.png;https://dialectsurvey.wordpress.com/wp-content/uploads/2020/11/heatmap.436.2.png;https://dialectsurvey.wordpress.com/wp-content/uploads/2020/11/heatmap.436.3-1.png;https://dialectsurvey.wordpress.com/wp-content/uploads/2020/11/heatmap.436.4-1.png;https://dialectsurvey.wordpress.com/wp-content/uploads/2020/11/heatmap.436.5-1.png;https://dialectsurvey.wordpress.com/wp-content/uploads/2020/11/heatmap.436.6-1.png,6
437,q437-what-do-you-call-a-small-container-that-you-might-keep-under-your-desk-for-the-same-purpose,https://dialectsurvey.wordpress.com/2020/10/21/q437-what-do-you-call-a-small-container-that-you-might-keep-under-your-desk-for-the-same-purpose/,What about a small container that you might keep under your desk for the same purpose?,https://dialectsurvey.wordpress.com/wp-content/uploads/2020/10/heatmap.437.1.png;https://dialectsurvey.wordpress.com/wp-content/uploads/2020/10/heatmap.437.2.png;https://dialectsurvey.wordpress.com/wp-content/uploads/2020/10/heatmap.437.3-1.png;https://dialectsurvey.wordpress.com/wp-content/uploads/2020/10/heatmap.437.4-1.png;https://dialectsurvey.wordpress.com/wp-content/uploads/2020/10/heatmap.437.5-1.png;https://dialectsurvey.wordpress.com/wp-content/uploads/2020/10/heatmap.437.6.png,6
451,the-journey-begins,https://dialectsurvey.wordpress.com/2018/09/25/the-journey-begins/,How do you pronounce the third vowel in academia?,https://dialectsurvey.wordpress.com/wp-content/uploads/2018/09/heatmap-451-1.png;https://dialectsurvey.wordpress.com/wp-content/uploads/2018/09/heatmap-451-2.png;https://dialectsurvey.wordpress.com/wp-content/uploads/2018/09/heatmap-451-3.png,3
461,q461-how-do-you-pronounce-the-last-vowel-sound-in-turbine,https://dialectsurvey.wordpress.com/2020/11/13/q461-how-do-you-pronounce-the-last-vowel-sound-in-turbine/,How do you pronounce the last vowel sound in turbine?,https://dialectsurvey.wordpress.com/wp-content/uploads/2020/11/heatmap.461.1.png;https://dialectsurvey.wordpress.com/wp-content/uploads/2020/11/heatmap.461.2.png,2
462,q462-how-do-you-pronounce-the-first-vowel-in-zoology,https://dialectsurvey.wordpress.com/2018/10/17/q462-how-do-you-pronounce-the-first-vowel-in-zoology/,How do you pronounce the first vowel in zoology?,https://dialectsurvey.wordpress.com/wp-content/uploads/2018/10/heatmap-462-1.png;https://dialectsurvey.wordpress.com/wp-content/uploads/2018/10/heatmap-462-2.png;https://dialectsurvey.wordpress.com/wp-content/uploads/2018/10/heatmap-462-3.png;https://dialectsurvey.wordpress.com/wp-content/uploads/2018/10/heatmap-462-4.png,4
463,q463-how-do-you-pronounce-the-th-in-aesthetic,https://dialectsurvey.wordpress.com/2018/10/17/q463-how-do-you-pronounce-the-th-in-aesthetic/,How do you pronounce the “th” in aesthetic?,https://dialectsurvey.wordpress.com/wp-content/uploads/2018/10/heatmap-463-1.png;https://dialectsurvey.wordpress.com/wp-content/uploads/2018/10/heatmap-463-2.png;https://dialectsurvey.wordpress.com/wp-content/uploads/2018/10/heatmap-463-3.png;https://dialectsurvey.wordpress.com/wp-content/uploads/2018/10/heatmap-463-4.png;https://dialectsurvey.wordpress.com/wp-content/uploads/2018/10/heatmap-463-5.png,5
464,q464-how-do-you-pronounce-the-ph-in-amphitheatre,https://dialectsurvey.wordpress.com/2018/10/17/q464-how-do-you-pronounce-the-ph-in-amphitheatre/,How do you pronounce the “ph” in amphitheatre?,https://dialectsurvey.wordpress.com/wp-content/uploads/2018/10/heatmap-464-1.png;https://dialectsurvey.wordpress.com/wp-content/uploads/2018/10/heatmap-464-2.png;https://dialectsurvey.wordpress.com/wp-content/uploads/2018/10/heatmap-464-3.png;https://dialectsurvey.wordpress.com/wp-content/uploads/2018/10/heatmap-464-4.png,4
465,q465-how-do-you-pronounce-anecdote-the-word-meaning-a-brief-and-amusing-story,https://dialectsurvey.wordpress.com/2018/10/17/q465-how-do-you-pronounce-anecdote-the-word-meaning-a-brief-and-amusing-story/,How do you pronounce anecdote (the word meaning “a brief and amusing story”)?,https://dialectsurvey.wordpress.com/wp-content/uploads/2018/10/heatmap-465-1.png;https://dialectsurvey.wordpress.com/wp-content/uploads/2018/10/heatmap-465-2.png;https://dialectsurvey.wordpress.com/wp-content/uploads/2018/10/heatmap-465-3.png;https://dialectsurvey.wordpress.com/wp-content/uploads/2018/10/heatmap-465-4.png,4
466,q466-how-do-you-pronounce-the-s-in-anniversary,https://dialectsurvey.wordpress.com/2018/10/17/q466-how-do-you-pronounce-the-s-in-anniversary/,How do you pronounce the “s” in anniversary?,https://dialectsurvey.wordpress.com/wp-content/uploads/2018/10/heatmap-466-1.png;https://dialectsurvey.wordpress.com/wp-content/uploads/2018/10/heatmap-466-2.png,2
467,q467-how-do-you-pronounce-asterisk,https://dialectsurvey.wordpress.com/2018/10/17/q467-how-do-you-pronounce-asterisk/,How do you pronounce asterisk?,https://dialectsurvey.wordpress.com/wp-content/uploads/2018/10/heatmap-467-1.png;https://dialectsurvey.wordpress.com/wp-content/uploads/2018/10/heatmap-467-2.png;https://dialectsurvey.wordpress.com/wp-content/uploads/2018/10/heatmap-467-3.png;https://dialectsurvey.wordpress.com/wp-content/uploads/2018/10/heatmap-467-4.png,4
481,q481-how-do-you-pronounce-the-s-in-visa,https://dialectsurvey.wordpress.com/2020/10/21/q481-how-do-you-pronounce-the-s-in-visa/,How do you pronounce the “s” in visa?,https://dialectsurvey.wordpress.com/wp-content/uploads/2020/10/heatmap.481.1.png;https://dialectsurvey.wordpress.com/wp-content/uploads/2020/10/heatmap.481.2.png;https://dialectsurvey.wordpress.com/wp-content/uploads/2020/10/heatmap.481.3-1.png;https://dialectsurvey.wordpress.com/wp-content/uploads/2020/10/heatmap.481.4-1.png;https://dialectsurvey.wordpress.com/wp-content/uploads/2020/10/heatmap.481.5-1.png,5
487,q487-do-you-have-a-general-term-for-dark-colored-carbonated-beverages-like-coca-cola-pepsi-dr-pepper-and-so-on,https://dialectsurvey.wordpress.com/2020/11/14/q487-do-you-have-a-general-term-for-dark-colored-carbonated-beverages-like-coca-cola-pepsi-dr-pepper-and-so-on/,"Do you have a general term for dark-colored carbonated beverages, like Coca-Cola, Pepsi, Dr Pepper, and so on?",https://dialectsurvey.wordpress.com/wp-content/uploads/2020/11/heatmap.487.1.png;https://dialectsurvey.wordpress.com/wp-content/uploads/2020/11/heatmap.487.2-1.png;https://dialectsurvey.wordpress.com/wp-content/uploads/2020/11/heatmap.487.3-1.png;https://dialectsurvey.wordpress.com/wp-content/uploads/2020/11/heatmap.487.4-1.png;https://dialectsurvey.wordpress.com/wp-content/uploads/2020/11/heatmap.487.5-1.png,5
490,q490-do-you-use-any-of-the-following-terms-to-refer-to-a-certain-kind-of-white-t-shirt,https://dialectsurvey.wordpress.com/2018/10/27/q490-do-you-use-any-of-the-following-terms-to-refer-to-a-certain-kind-of-white-t-shirt/,Do you use any of the following terms to refer to a certain kind of white t-shirt? Plase use the comments box to describe more completely exactly what kind of shirt it refers to.,https://dialectsurvey.wordpress.com/wp-content/uploads/2018/10/heatmap-490-1.png;https://dialectsurvey.wordpress.com/wp-content/uploads/2018/10/heatmap-490-2.png;https://dialectsurvey.wordpress.com/wp-content/uploads/2018/10/heatmap-490-3-guinea-t.png;https://dialectsurvey.wordpress.com/wp-content/uploads/2018/10/heatmap-490-4.png;https://dialectsurvey.wordpress.com/wp-content/uploads/2018/10/heatmap-490-5.png;https://dialectsurvey.wordpress.com/wp-content/uploads/2018/10/heatmap-490-6.png;https://dialectsurvey.wordpress.com/wp-content/uploads/2018/10/heatmap-490-7.png;https://dialectsurvey.wordpress.com/wp-content/uploads/2018/10/heatmap-490-8.png,8
504,q504-can-you-used-the-word-wicked-as-an-intensifier-as-in-that-concert-was-wicked-good,https://dialectsurvey.wordpress.com/2018/10/27/q504-can-you-used-the-word-wicked-as-an-intensifier-as-in-that-concert-was-wicked-good/,"Can you use the word wicked as an intensifier, as in “that concert was wicked good?”",https://dialectsurvey.wordpress.com/wp-content/uploads/2018/10/heatmap-504-1.png;https://dialectsurvey.wordpress.com/wp-content/uploads/2018/10/heatmap-504-2.png;https://dialectsurvey.wordpress.com/wp-content/uploads/2018/10/heatmap-504-3.png,3
507,q507-what-do-you-call-the-kind-of-large-brown-nut-seed-that-is-about-the-size-of-a-golf-ball-and-has-tiny-spines-growing-out-of-it,https://dialectsurvey.wordpress.com/2019/08/14/q507-what-do-you-call-the-kind-of-large-brown-nut-seed-that-is-about-the-size-of-a-golf-ball-and-has-tiny-spines-growing-out-of-it/,What do you call the kind of large brown nut/seed that is about the size of a golf ball and has tiny spines growing out of it? (It is produced by the tree Aesculus hippocastanum.),https://dialectsurvey.wordpress.com/wp-content/uploads/2019/08/heatmap.507.1-buckeye.png;https://dialectsurvey.wordpress.com/wp-content/uploads/2019/08/heatmap.507.2.png;https://dialectsurvey.wordpress.com/wp-content/uploads/2019/08/heatmap.507.3.png;https://dialectsurvey.wordpress.com/wp-content/uploads/2019/08/heatmap.507.4.png,4
511,q511-which-of-the-following-elements-of-meaning-does-the-word-swarthy-contain-for-you,https://dialectsurvey.wordpress.com/2020/11/14/q511-which-of-the-following-elements-of-meaning-does-the-word-swarthy-contain-for-you/,Which of the following elements of meaning does the word swarthy contain for you?,https://dialectsurvey.wordpress.com/wp-content/uploads/2020/11/heatmap.511.1.png;https://dialectsurvey.wordpress.com/wp-content/uploads/2020/11/heatmap.511.2.png;https://dialectsurvey.wordpress.com/wp-content/uploads/2020/11/heatmap.511.3.png;https://dialectsurvey.wordpress.com/wp-content/uploads/2020/11/heatmap.511.4.png;https://dialectsurvey.wordpress.com/wp-content/uploads/2020/11/heatmap.511.5-1.png;https://dialectsurvey.wordpress.com/wp-content/uploads/2020/11/heatmap.511.6-1.png;https://dialectsurvey.wordpress.com/wp-content/uploads/2020/11/heatmap.511.7-1.png;https://dialectsurvey.wordpress.com/wp-content/uploads/2020/11/heatmap.511.8-1.png;https://dialectsurvey.wordpress.com/wp-content/uploads/2020/11/heatmap.511.9-1.png;https://dialectsurvey.wordpress.com/wp-content/uploads/2020/11/heatmap.511.9-2.png,10
512,q512-what-is-a-bonus-room,https://dialectsurvey.wordpress.com/2018/10/30/q512-what-is-a-bonus-room/,What is a bonus room?,https://dialectsurvey.wordpress.com/wp-content/uploads/2018/10/heatmap-512-1.png;https://dialectsurvey.wordpress.com/wp-content/uploads/2018/10/heatmap-512-2.png;https://dialectsurvey.wordpress.com/wp-content/uploads/2018/10/heatmap-512-3.png;https://dialectsurvey.wordpress.com/wp-content/uploads/2018/10/heatmap-512-4.png,4
517,q517-what-do-you-call-an-event-held-for-a-pregnant-woman-with-her-female-friends-typically-involving-the-giving-of-presents-for-use-with-the-baby,https://dialectsurvey.wordpress.com/2018/10/19/q517-what-do-you-call-an-event-held-for-a-pregnant-woman-with-her-female-friends-typically-involving-the-giving-of-presents-for-use-with-the-baby/,"What do you call an event held for a pregnant woman with her female friends, typically involving the giving of presents for use with the baby?",https://dialectsurvey.wordpress.com/wp-content/uploads/2018/10/heatmap-517-1.png;https://dialectsurvey.wordpress.com/wp-content/uploads/2018/10/heatmap-517-2.png;https://dialectsurvey.wordpress.com/wp-content/uploads/2018/10/heatmap-517-3.png;https://dialectsurvey.wordpress.com/wp-content/uploads/2018/10/heatmap-517-4.png,4
518,q518-what-do-you-call-a-party-held-for-a-woman-with-her-female-friends-when-she-is-about-to-get-married,https://dialectsurvey.wordpress.com/2019/08/14/q518-what-do-you-call-a-party-held-for-a-woman-with-her-female-friends-when-she-is-about-to-get-married/,What do you call a party held for a woman with her female friends when she is about to get married?,https://dialectsurvey.wordpress.com/wp-content/uploads/2019/08/heatmap.518.1.png;https://dialectsurvey.wordpress.com/wp-content/uploads/2019/08/heatmap.518.2.png;https://dialectsurvey.wordpress.com/wp-content/uploads/2019/08/heatmap.518.3.png;https://dialectsurvey.wordpress.com/wp-content/uploads/2019/08/heatmap.518.4.png;https://dialectsurvey.wordpress.com/wp-content/uploads/2019/08/heatmap.518.5.png;https://dialectsurvey.wordpress.com/wp-content/uploads/2019/08/heatmap.518.6.png,6
522,q522-what-do-you-call-the-bus-used-to-take-special-education-students-to-and-from-school,https://dialectsurvey.wordpress.com/2020/11/14/q522-what-do-you-call-the-bus-used-to-take-special-education-students-to-and-from-school/,What do you call the bus used to take special education students to and from school?,https://dialectsurvey.wordpress.com/wp-content/uploads/2020/11/heatmap.522.1.png;https://dialectsurvey.wordpress.com/wp-content/uploads/2020/11/heatmap.522.2.png;https://dialectsurvey.wordpress.com/wp-content/uploads/2020/11/heatmap.522.3-1.png;https://dialectsurvey.wordpress.com/wp-content/uploads/2020/11/heatmap.522.4-1.png;https://dialectsurvey.wordpress.com/wp-content/uploads/2020/11/heatmap.522.5-1.png,5
526,q526-what-do-you-call-the-citrus-fruit-that-looks-like-an-orange-but-is-smaller-and-more-sour,https://dialectsurvey.wordpress.com/2020/11/13/q526-what-do-you-call-the-citrus-fruit-that-looks-like-an-orange-but-is-smaller-and-more-sour/,What do you call the citrus fruit that looks like an orange but is smaller and more sour?,https://dialectsurvey.wordpress.com/wp-content/uploads/2020/11/heatmap.526.1.png;https://dialectsurvey.wordpress.com/wp-content/uploads/2020/11/heatmap.526.2.png;https://dialectsurvey.wordpress.com/wp-content/uploads/2020/11/heatmap.526.3.png;https://dialectsurvey.wordpress.com/wp-content/uploads/2020/11/heatmap.526.4.png;https://dialectsurvey.wordpress.com/wp-content/uploads/2020/11/heatmap.526.5.png,5
529,q529-which-of-the-following-would-you-use-in-the-sense-of-cool-fancy,https://dialectsurvey.wordpress.com/2020/11/14/q529-which-of-the-following-would-you-use-in-the-sense-of-cool-fancy/,"Which of the following would you use in the sense of “cool, fancy”?",https://dialectsurvey.wordpress.com/wp-content/uploads/2020/11/heatmap.529.1.png;https://dialectsurvey.wordpress.com/wp-content/uploads/2020/11/heatmap.529.2.png;https://dialectsurvey.wordpress.com/wp-content/uploads/2020/11/heatmap.529.3-1.png;https://dialectsurvey.wordpress.com/wp-content/uploads/2020/11/heatmap.529.4.png;https://dialectsurvey.wordpress.com/wp-content/uploads/2020/11/heatmap.529.5-1.png,5
530,q530-what-do-you-call-any-cheap-merchandise-with-a-companys-name-or-logo-on-it-used-for-marketing-purposes,https://dialectsurvey.wordpress.com/2020/11/14/q530-what-do-you-call-any-cheap-merchandise-with-a-companys-name-or-logo-on-it-used-for-marketing-purposes/,What do you call any cheap merchandise with a company’s name or logo on it used for marketing purposes?,https://dialectsurvey.wordpress.com/wp-content/uploads/2020/11/heatmap.530.1.png;https://dialectsurvey.wordpress.com/wp-content/uploads/2020/11/heatmap.530.2.png;https://dialectsurvey.wordpress.com/wp-content/uploads/2020/11/heatmap.530.3.png;https://dialectsurvey.wordpress.com/wp-content/uploads/2020/11/heatmap.530.4.png,4
535,q535-is-the-sentence-ive-gotta-get-this-room-yet-acceptable-in-your-speech-in-the-sense-of-i-still-have-this-room-left-to-do,https://dialectsurvey.wordpress.com/2018/10/26/q535-is-the-sentence-ive-gotta-get-this-room-yet-acceptable-in-your-speech-in-the-sense-of-i-still-have-this-room-left-to-do/,"Is the sentence “I’ve gotta get this room yet” acceptable in your speech, in the sense of “I still have this room left to do”?",https://dialectsurvey.wordpress.com/wp-content/uploads/2018/10/heatmap-535-1.png;https://dialectsurvey.wordpress.com/wp-content/uploads/2018/10/heatmap-535-2.png;https://dialectsurvey.wordpress.com/wp-content/uploads/2018/10/heatmap-535-3.png;https://dialectsurvey.wordpress.com/wp-content/uploads/2018/10/heatmap-535-4.png,4
541,q541-can-you-use-whenever-in-the-sense-of-when-as-in-whenever-you-get-on-the-bus-tomorrow-morning-who-are-you-going-to-sit-with,https://dialectsurvey.wordpress.com/2018/11/17/q541-can-you-use-whenever-in-the-sense-of-when-as-in-whenever-you-get-on-the-bus-tomorrow-morning-who-are-you-going-to-sit-with/,"Can you use “whenever” in the sense of “when”, as in “whenever you get on the bus tomorrow morning, who are you going to sit with?”? (Said by a mother to her child on the night before his first day of school. She knows his bus is coming at exactly 8 AM, so she is not using “whenever” to express an indefinite time.)",https://dialectsurvey.wordpress.com/wp-content/uploads/2018/11/heatmap-541-1-whenever-in-texas.png;https://dialectsurvey.wordpress.com/wp-content/uploads/2018/11/heatmap-541-2.png;https://dialectsurvey.wordpress.com/wp-content/uploads/2018/11/heatmap-541-3.png,3
543,q543-how-do-you-pronounce-aunt,https://dialectsurvey.wordpress.com/2018/10/17/q543-how-do-you-pronounce-aunt/,How do you pronounce aunt?,https://dialectsurvey.wordpress.com/wp-content/uploads/2018/10/heatmap-543-1.png;https://dialectsurvey.wordpress.com/wp-content/uploads/2018/10/heatmap-543-2.png;https://dialectsurvey.wordpress.com/wp-content/uploads/2018/10/heatmap-543-3.png;https://dialectsurvey.wordpress.com/wp-content/uploads/2018/10/heatmap-543-4.png;https://dialectsurvey.wordpress.com/wp-content/uploads/2018/10/heatmap-543-5.png;https://dialectsurvey.wordpress.com/wp-content/uploads/2018/10/heatmap-543-6.png;https://dialectsurvey.wordpress.com/wp-content/uploads/2018/10/heatmap-543-7.png;https://dialectsurvey.wordpress.com/wp-content/uploads/2018/10/heatmap-543-8.png,8
