true_rho,realised_rho,theta,movers,deployed_rho,k,median_km,p90_km,within_150km,state_acc,region_acc,logscore,calib_err,cover50,cover80,cover95
0.0,0.006253440667729669,0.0,0,0.0,5,584.1125061214249,3279.3340701072975,0.2275,0.2675,0.42083333333333334,-8.641321452771622,0.08333333333333333,0.6275,0.89,0.9825
0.0,0.006253440667729669,0.0,0,0.0,8,404.63460621992783,2299.1846265906543,0.29,0.38083333333333336,0.5258333333333334,-8.248128051226042,0.10083333333333333,0.6533333333333333,0.91,0.9891666666666666
0.0,0.006253440667729669,0.0,0,0.0,12,296.3639072348856,1977.171849733008,0.36666666666666664,0.4608333333333333,0.6158333333333333,-7.833264685902862,0.11444444444444446,0.6725,0.9283333333333333,0.9925
0.0,0.006253440667729669,0.0,0,0.0,16,225.36064470703846,1664.2920337980086,0.4083333333333333,0.5141666666666667,0.6616666666666666,-7.501655825152031,0.12055555555555553,0.6858333333333333,0.9316666666666666,0.9941666666666666
0.0,0.006253440667729669,0.0,0,0.0,20,174.16664747059866,1524.8384391184088,0.45666666666666667,0.5566666666666666,0.7091666666666666,-7.247389402517971,0.12666666666666662,0.6908333333333333,0.9408333333333333,0.9983333333333333
0.0,0.006253440667729669,0.0,0,0.05,5,664.4289023929462,3429.6550848666725,0.21333333333333335,0.24083333333333334,0.39166666666666666,-8.745207288637502,0.08249999999999998,0.6283333333333333,0.8875,0.9816666666666667
0.0,0.006253440667729669,0.0,0,0.05,8,473.2157070366562,2451.03217956556,0.2633333333333333,0.3441666666666667,0.4791666666666667,-8.470105653537681,0.10833333333333332,0.6766666666666666,0.9116666666666666,0.9866666666666667
0.0,0.006253440667729669,0.0,0,0.05,12,374.79380096234104,2192.1650308171284,0.2975,0.39166666666666666,0.5425,-8.214319512826899,0.1272222222222222,0.705,0.9383333333333334,0.9883333333333333
0.0,0.006253440667729669,0.0,0,0.05,16,336.32949153776303,1886.7913011696287,0.32166666666666666,0.415,0.5725,-8.035437140852814,0.14444444444444446,0.7408333333333333,0.9508333333333333,0.9916666666666667
0.0,0.006253440667729669,0.0,0,0.05,20,296.87775854500364,1760.5734380253098,0.355,0.45416666666666666,0.6216666666666667,-7.922080873847844,0.15194444444444444,0.7566666666666667,0.955,0.9941666666666666
0.0,0.006253440667729669,0.0,0,0.09,5,698.9320632440348,3469.000640797498,0.19666666666666666,0.225,0.375,-8.817640140924212,0.08222222222222224,0.6258333333333334,0.8883333333333333,0.9825
0.0,0.006253440667729669,0.0,0,0.09,8,531.6759381447877,2680.469771016776,0.24416666666666667,0.3233333333333333,0.4483333333333333,-8.612309543745718,0.10388888888888888,0.6683333333333333,0.9075,0.9858333333333333
0.0,0.006253440667729669,0.0,0,0.09,12,438.96317977563797,2384.665184413595,0.26666666666666666,0.355,0.5016666666666667,-8.43870174018648,0.1261111111111111,0.7091666666666666,0.9341666666666667,0.985
0.0,0.006253440667729669,0.0,0,0.09,16,385.82758150269547,2192.345611203909,0.2825,0.37833333333333335,0.5341666666666667,-8.32737166844035,0.13694444444444442,0.7316666666666667,0.94,0.9891666666666666
0.0,0.006253440667729669,0.0,0,0.09,20,384.7969099773537,2261.796451905202,0.2833333333333333,0.37333333333333335,0.5325,-8.268895159554274,0.1447222222222222,0.7433333333333333,0.9475,0.9933333333333333
0.0,0.006253440667729669,0.0,0,0.13,5,756.5698763052644,3475.7657280675767,0.18333333333333332,0.21,0.355,-8.881284905046726,0.07833333333333332,0.62,0.8858333333333334,0.9791666666666666
0.0,0.006253440667729669,0.0,0,0.13,8,616.0604770964976,2966.772265010165,0.21916666666666668,0.2891666666666667,0.4066666666666667,-8.728064342101197,0.09999999999999998,0.6583333333333333,0.9075,0.9841666666666666
0.0,0.006253440667729669,0.0,0,0.13,12,527.5964408146147,2631.0179507106336,0.2375,0.315,0.4625,-8.608986574626233,0.1177777777777778,0.6958333333333333,0.925,0.9825
0.0,0.006253440667729669,0.0,0,0.13,16,502.52941733527416,2648.284477249262,0.23916666666666667,0.32166666666666666,0.4633333333333333,-8.53770268316672,0.12499999999999996,0.7091666666666666,0.9308333333333333,0.985
0.0,0.006253440667729669,0.0,0,0.13,20,540.7813501814226,2702.386341710583,0.23583333333333334,0.30416666666666664,0.445,-8.50387170812092,0.12777777777777777,0.7108333333333333,0.9341666666666667,0.9883333333333333
0.0,0.006253440667729669,0.0,0,0.177,5,814.3470809984619,3502.4067370671196,0.17916666666666667,0.19666666666666666,0.3358333333333333,-8.946285120630188,0.07638888888888888,0.6183333333333333,0.8841666666666667,0.9766666666666667
0.0,0.006253440667729669,0.0,0,0.177,8,732.2857169221177,3398.26622387506,0.19583333333333333,0.25166666666666665,0.3625,-8.837819213204083,0.09138888888888892,0.6458333333333334,0.9,0.9783333333333334
0.0,0.006253440667729669,0.0,0,0.177,12,624.685167429049,2868.626922860492,0.205,0.26916666666666667,0.4041666666666667,-8.7606668664283,0.10805555555555557,0.6783333333333333,0.9158333333333334,0.98
0.0,0.006253440667729669,0.0,0,0.177,16,683.4762108153345,3141.914752683954,0.19333333333333333,0.25083333333333335,0.37666666666666665,-8.717097855036423,0.11166666666666669,0.685,0.9183333333333333,0.9816666666666667
0.0,0.006253440667729669,0.0,0,0.177,20,761.3506551600848,3441.6551845816302,0.185,0.23166666666666666,0.36,-8.697931543761399,0.11527777777777777,0.6883333333333334,0.9241666666666667,0.9833333333333333
0.05,0.04939234370723746,0.2109375,0,0.0,5,625.2415307141114,3337.7134079172247,0.21916666666666668,0.25,0.4041666666666667,-8.65209701409558,0.08111111111111113,0.6225,0.8883333333333333,0.9825
0.05,0.04939234370723746,0.2109375,0,0.0,8,409.0467069367633,2229.5928344927593,0.2808333333333333,0.37333333333333335,0.525,-8.250024740584259,0.09750000000000003,0.6416666666666667,0.9091666666666667,0.9916666666666667
0.05,0.04939234370723746,0.2109375,0,0.0,12,307.6323418230841,2035.5793948477994,0.3441666666666667,0.43666666666666665,0.5975,-7.845228760505427,0.11027777777777774,0.6616666666666666,0.9258333333333333,0.9933333333333333
0.05,0.04939234370723746,0.2109375,0,0.0,16,235.2090833678359,1666.6919914989999,0.39916666666666667,0.49416666666666664,0.6566666666666666,-7.496846577183266,0.11666666666666665,0.6775,0.9283333333333333,0.9941666666666666
0.05,0.04939234370723746,0.2109375,0,0.0,20,187.20915662600322,1549.7729955565285,0.4483333333333333,0.555,0.7275,-7.249508228644372,0.12,0.685,0.9316666666666666,0.9933333333333333
0.05,0.04939234370723746,0.2109375,0,0.05,5,712.2563640503865,3446.7606017669113,0.20416666666666666,0.2275,0.3775,-8.752954958107978,0.08166666666666667,0.6233333333333333,0.89,0.9816666666666667
0.05,0.04939234370723746,0.2109375,0,0.05,8,495.57388244637986,2528.491723944801,0.25666666666666665,0.3325,0.47333333333333333,-8.466799665794461,0.10638888888888887,0.6666666666666666,0.9116666666666666,0.9908333333333333
0.05,0.04939234370723746,0.2109375,0,0.05,12,385.0970544070913,2314.7333311266525,0.28833333333333333,0.3825,0.5408333333333334,-8.216531542391444,0.12222222222222223,0.6933333333333334,0.9316666666666666,0.9916666666666667
0.05,0.04939234370723746,0.2109375,0,0.05,16,334.8332264359286,1805.7001799513962,0.3233333333333333,0.4216666666666667,0.5883333333333334,-8.021455983887403,0.13944444444444445,0.7308333333333333,0.945,0.9925
0.05,0.04939234370723746,0.2109375,0,0.05,20,303.9139927076055,1784.9277945755764,0.3566666666666667,0.44916666666666666,0.62,-7.912534509925449,0.1525,0.7591666666666667,0.9533333333333334,0.995
0.05,0.04939234370723746,0.2109375,0,0.09,5,753.2070414195751,3461.984987058805,0.1875,0.21083333333333334,0.3566666666666667,-8.823850233472687,0.08138888888888889,0.6216666666666667,0.8925,0.98
0.05,0.04939234370723746,0.2109375,0,0.09,8,546.6587276198609,2653.614331038953,0.235,0.30666666666666664,0.44333333333333336,-8.607702494807711,0.10388888888888888,0.6641666666666667,0.9091666666666667,0.9883333333333333
0.05,0.04939234370723746,0.2109375,0,0.09,12,465.825297889448,2449.3875087327815,0.25583333333333336,0.33666666666666667,0.49416666666666664,-8.438557633174463,0.12055555555555557,0.6958333333333333,0.9291666666666667,0.9866666666666667
0.05,0.04939234370723746,0.2109375,0,0.09,16,410.91724003556794,2287.2510244723903,0.2775,0.36583333333333334,0.5216666666666666,-8.31391187037821,0.135,0.7258333333333333,0.9383333333333334,0.9908333333333333
0.05,0.04939234370723746,0.2109375,0,0.09,20,399.5538074202169,2277.2302760470943,0.28833333333333333,0.37166666666666665,0.53,-8.258988733522656,0.14222222222222225,0.7416666666666667,0.9441666666666667,0.9908333333333333
0.05,0.04939234370723746,0.2109375,0,0.13,5,830.6023394598092,3500.8723767528736,0.175,0.19666666666666666,0.335,-8.886412909829538,0.07944444444444447,0.6175,0.8933333333333333,0.9775
0.05,0.04939234370723746,0.2109375,0,0.13,8,631.6077454634277,2807.5613836953003,0.21416666666666667,0.2758333333333333,0.4008333333333333,-8.723083287162932,0.09888888888888887,0.6541666666666667,0.9083333333333333,0.9841666666666666
0.05,0.04939234370723746,0.2109375,0,0.13,12,544.9824607445862,2646.0858245760187,0.225,0.30083333333333334,0.4533333333333333,-8.607934545344387,0.11499999999999995,0.69,0.9216666666666666,0.9833333333333333
0.05,0.04939234370723746,0.2109375,0,0.13,16,544.9824607445862,2726.287115332208,0.23,0.3025,0.4475,-8.525713478351356,0.12416666666666669,0.7075,0.9283333333333333,0.9866666666666667
0.05,0.04939234370723746,0.2109375,0,0.13,20,541.3524531549467,2726.287115332208,0.23583333333333334,0.30416666666666664,0.4475,-8.494817708026662,0.12694444444444444,0.7141666666666666,0.93,0.9866666666666667
0.05,0.04939234370723746,0.2109375,0,0.177,5,873.3566958497297,3527.923690699936,0.1675,0.1825,0.31666666666666665,-8.950504237296675,0.07777777777777779,0.6158333333333333,0.8908333333333334,0.9766666666666667
0.05,0.04939234370723746,0.2109375,0,0.177,8,750.6768226279678,3332.3598387765905,0.19666666666666666,0.245,0.35833333333333334,-8.832862967404864,0.09305555555555552,0.6466666666666666,0.9033333333333333,0.9791666666666666
0.05,0.04939234370723746,0.2109375,0,0.177,12,655.7330171513659,2914.6273267259085,0.19333333333333333,0.25083333333333335,0.3933333333333333,-8.759212435087218,0.10499999999999998,0.6725,0.9116666666666666,0.9808333333333333
0.05,0.04939234370723746,0.2109375,0,0.177,16,701.519351660116,3332.3598387765905,0.18916666666666668,0.24666666666666667,0.37583333333333335,-8.706748096746837,0.11194444444444444,0.6833333333333333,0.9183333333333333,0.9841666666666666
0.05,0.04939234370723746,0.2109375,0,0.177,20,824.0918511814245,3475.84334907091,0.18583333333333332,0.225,0.3525,-8.689991857604412,0.11694444444444445,0.6908333333333333,0.9241666666666667,0.9858333333333333
0.1,0.09597280618965585,0.287109375,0,0.0,5,642.8299386158708,3337.1941799174842,0.2125,0.25416666666666665,0.39916666666666667,-8.64339603928567,0.0805555555555556,0.6175,0.8916666666666667,0.9825
0.1,0.09597280618965585,0.287109375,0,0.0,8,445.90855835147283,2282.3795476663977,0.275,0.37583333333333335,0.5158333333333334,-8.2342121837305,0.09833333333333331,0.6425,0.9125,0.99
0.1,0.09597280618965585,0.287109375,0,0.0,12,303.5116805969782,2035.5793948477994,0.3441666666666667,0.4475,0.6066666666666667,-7.82157475001614,0.11138888888888891,0.6633333333333333,0.93,0.9908333333333333
0.1,0.09597280618965585,0.287109375,0,0.0,16,230.2197942043686,1643.267099451935,0.4058333333333333,0.5191666666666667,0.6716666666666666,-7.460699684942095,0.11722222222222223,0.68,0.9283333333333333,0.9933333333333333
0.1,0.09597280618965585,0.287109375,0,0.0,20,195.44078805931093,1523.6356149148505,0.44916666666666666,0.5475,0.7091666666666666,-7.222349793320748,0.11833333333333336,0.6841666666666667,0.9291666666666667,0.9916666666666667
0.1,0.09597280618965585,0.287109375,0,0.05,5,724.8384831211889,3446.088573143695,0.19666666666666666,0.22666666666666666,0.37,-8.744937577079083,0.08416666666666668,0.6258333333333334,0.895,0.9816666666666667
0.1,0.09597280618965585,0.287109375,0,0.05,8,510.3406984396389,2537.9746250711987,0.25333333333333335,0.3358333333333333,0.4666666666666667,-8.45416852484018,0.10638888888888891,0.6633333333333333,0.915,0.9908333333333333
0.1,0.09597280618965585,0.287109375,0,0.05,12,385.04034206117586,2264.2616195386076,0.2941666666666667,0.39166666666666666,0.545,-8.197161909441492,0.12722222222222224,0.7041666666666667,0.9366666666666666,0.9908333333333333
0.1,0.09597280618965585,0.287109375,0,0.05,16,329.1711427315839,1957.159348334867,0.33166666666666667,0.42833333333333334,0.5883333333333334,-7.988419142037362,0.14027777777777775,0.7291666666666666,0.9483333333333334,0.9933333333333333
0.1,0.09597280618965585,0.287109375,0,0.05,20,300.145931724641,1836.6231515741274,0.365,0.4633333333333333,0.6266666666666667,-7.882676026081756,0.15,0.7525,0.9533333333333334,0.9941666666666666
0.1,0.09597280618965585,0.287109375,0,0.09,5,750.6768226279678,3461.984987058805,0.185,0.215,0.35083333333333333,-8.816360960810531,0.08361111111111112,0.625,0.8941666666666667,0.9816666666666667
0.1,0.09597280618965585,0.287109375,0,0.09,8,571.6222012377468,2687.026020431616,0.2325,0.31,0.43583333333333335,-8.596744186538094,0.10388888888888888,0.6616666666666666,0.91,0.99
0.1,0.09597280618965585,0.287109375,0,0.09,12,478.29631023348026,2449.3875087327815,0.25666666666666665,0.34,0.485,-8.421846033855648,0.12388888888888887,0.7,0.9316666666666666,0.99
0.1,0.09597280618965585,0.287109375,0,0.09,16,422.785090318111,2321.9062114485673,0.28,0.37166666666666665,0.5166666666666667,-8.285241129984797,0.1363888888888889,0.7275,0.9416666666666667,0.99
0.1,0.09597280618965585,0.287109375,0,0.09,20,398.3590120527457,2273.615945711855,0.29333333333333333,0.37916666666666665,0.5308333333333334,-8.232070367003276,0.14222222222222225,0.7358333333333333,0.9483333333333334,0.9925
0.1,0.09597280618965585,0.287109375,0,0.13,5,826.8942726621949,3500.8723767528736,0.1775,0.20583333333333334,0.3333333333333333,-8.879426374607089,0.08333333333333333,0.6241666666666666,0.8958333333333334,0.98
0.1,0.09597280618965585,0.287109375,0,0.13,8,639.3589885503047,2815.0984069539177,0.21583333333333332,0.2841666666666667,0.4008333333333333,-8.713418893256415,0.09861111111111114,0.6533333333333333,0.9058333333333334,0.9866666666666667
0.1,0.09597280618965585,0.287109375,0,0.13,12,559.0151889114491,2738.6917183897363,0.2225,0.3016666666666667,0.44083333333333335,-8.593387216609779,0.11833333333333336,0.6941666666666667,0.9233333333333333,0.9875
0.1,0.09597280618965585,0.287109375,0,0.13,16,540.7813501814226,2762.4260912528935,0.23333333333333334,0.30833333333333335,0.4425,-8.500895810385993,0.1272222222222222,0.7108333333333333,0.9325,0.9883333333333333
0.1,0.09597280618965585,0.287109375,0,0.13,20,546.6587276198609,2768.8336215540176,0.23833333333333334,0.31,0.44333333333333336,-8.471092560810288,0.12944444444444445,0.7141666666666666,0.9341666666666667,0.99
0.1,0.09597280618965585,0.287109375,0,0.177,5,874.3377633651319,3542.5909449201095,0.17,0.19083333333333333,0.315,-8.94406556652807,0.08027777777777778,0.62,0.8925,0.9783333333333334
0.1,0.09597280618965585,0.287109375,0,0.177,8,766.2330353172895,3332.3598387765905,0.19916666666666666,0.25166666666666665,0.3575,-8.82440222029615,0.09166666666666667,0.6416666666666667,0.9025,0.9808333333333333
0.1,0.09597280618965585,0.287109375,0,0.177,12,670.7277523139362,2986.4415581580847,0.19333333333333333,0.2575,0.38416666666666666,-8.74670431294192,0.10555555555555556,0.6708333333333333,0.9133333333333333,0.9825
0.1,0.09597280618965585,0.287109375,0,0.177,16,739.8221433254112,3384.2146549199297,0.18333333333333332,0.23916666666666667,0.3616666666666667,-8.685547739608516,0.11444444444444442,0.6858333333333333,0.9225,0.985
0.1,0.09597280618965585,0.287109375,0,0.177,20,816.358711840599,3502.227367903722,0.1875,0.23166666666666666,0.3491666666666667,-8.669520496914735,0.11694444444444445,0.6916666666666667,0.9225,0.9866666666666667
0.18,0.16994794202567357,0.380859375,0,0.0,5,630.43701801012,3205.171238956411,0.21583333333333332,0.2575,0.41083333333333333,-8.654089953479327,0.07777777777777777,0.6183333333333333,0.8833333333333333,0.9816666666666667
0.18,0.16994794202567357,0.380859375,0,0.0,8,447.0771569708214,2283.212914855043,0.2775,0.37083333333333335,0.5175,-8.248112978596899,0.09694444444444443,0.6425,0.9125,0.9858333333333333
0.18,0.16994794202567357,0.380859375,0,0.0,12,325.87787921519987,2160.3882494903637,0.3408333333333333,0.43583333333333335,0.6016666666666667,-7.843434865083745,0.10777777777777779,0.6575,0.925,0.9908333333333333
0.18,0.16994794202567357,0.380859375,0,0.0,16,228.03445732952594,1643.267099451935,0.4033333333333333,0.5,0.6691666666666667,-7.479182262113725,0.11000000000000003,0.67,0.92,0.99
0.18,0.16994794202567357,0.380859375,0,0.0,20,182.76660969961733,1491.6497999671928,0.46,0.5533333333333333,0.7175,-7.248120901216219,0.11055555555555559,0.67,0.9241666666666667,0.9875
0.18,0.16994794202567357,0.380859375,0,0.05,5,701.9602649601733,3426.067713134423,0.2,0.2325,0.38083333333333336,-8.752954761095753,0.08138888888888889,0.6233333333333333,0.89,0.9808333333333333
0.18,0.16994794202567357,0.380859375,0,0.05,8,503.7761811518916,2564.2416877901583,0.25416666666666665,0.3358333333333333,0.46416666666666667,-8.461890344774151,0.1075,0.6716666666666666,0.915,0.9858333333333333
0.18,0.16994794202567357,0.380859375,0,0.05,12,396.7834564764394,2307.8486751664705,0.295,0.38333333333333336,0.5425,-8.205591670742294,0.1252777777777778,0.7,0.935,0.9908333333333333
0.18,0.16994794202567357,0.380859375,0,0.05,16,332.37863668859234,1803.378919556359,0.3283333333333333,0.415,0.5866666666666667,-7.988033567015388,0.13972222222222228,0.7275,0.9491666666666667,0.9925
0.18,0.16994794202567357,0.380859375,0,0.05,20,302.7717507863186,1806.9465022020622,0.35583333333333333,0.4483333333333333,0.6208333333333333,-7.881547249571762,0.14916666666666667,0.7483333333333333,0.9541666666666667,0.995
0.18,0.16994794202567357,0.380859375,0,0.09,5,749.0540547662208,3427.812114755811,0.18833333333333332,0.22,0.3616666666666667,-8.823013568806516,0.08027777777777778,0.62,0.89,0.9808333333333333
0.18,0.16994794202567357,0.380859375,0,0.09,8,577.5039605452982,2711.3180108756396,0.22916666666666666,0.305,0.43166666666666664,-8.601936330198784,0.10416666666666667,0.6675,0.91,0.985
0.18,0.16994794202567357,0.380859375,0,0.09,12,493.7536039013112,2495.74882491869,0.25416666666666665,0.3325,0.4841666666666667,-8.42609023849137,0.12388888888888887,0.7016666666666667,0.9316666666666666,0.9883333333333333
0.18,0.16994794202567357,0.380859375,0,0.09,16,430.7447371849714,2350.2986706038128,0.28,0.3575,0.5066666666666667,-8.2817619996268,0.13555555555555554,0.7266666666666667,0.9408333333333333,0.9891666666666666
0.18,0.16994794202567357,0.380859375,0,0.09,20,399.6569159128768,2268.651313332052,0.28833333333333333,0.3725,0.53,-8.227108623945092,0.14166666666666664,0.7358333333333333,0.9458333333333333,0.9933333333333333
0.18,0.16994794202567357,0.380859375,0,0.13,5,804.4565661456618,3450.2907225449703,0.18,0.20916666666666667,0.3466666666666667,-8.885099941256309,0.08111111111111109,0.6208333333333333,0.8933333333333333,0.9791666666666666
0.18,0.16994794202567357,0.380859375,0,0.13,8,635.3491933746011,2869.75730441947,0.21583333333333332,0.2825,0.4058333333333333,-8.717077747150716,0.0997222222222222,0.6591666666666667,0.9066666666666666,0.9833333333333333
0.18,0.16994794202567357,0.380859375,0,0.13,12,568.4782425577316,2680.7798382335286,0.22416666666666665,0.2991666666666667,0.44583333333333336,-8.595519814895097,0.11916666666666668,0.6991666666666667,0.9225,0.9858333333333333
0.18,0.16994794202567357,0.380859375,0,0.13,16,555.3403914708947,2689.1374916683867,0.23666666666666666,0.3025,0.43833333333333335,-8.496652295812554,0.13055555555555556,0.7216666666666667,0.9325,0.9875
0.18,0.16994794202567357,0.380859375,0,0.13,20,552.856350527396,2720.128056483598,0.23833333333333334,0.2975,0.43833333333333335,-8.465219410849473,0.12888888888888886,0.7158333333333333,0.9316666666666666,0.9891666666666666
0.18,0.16994794202567357,0.380859375,0,0.177,5,852.6716712830466,3502.4067370671196,0.17333333333333334,0.19333333333333333,0.33,-8.94889406088106,0.07777777777777779,0.6166666666666667,0.8891666666666667,0.9775
0.18,0.16994794202567357,0.380859375,0,0.177,8,747.0913782219338,3336.5151420453085,0.19833333333333333,0.25416666666666665,0.37,-8.826946036913851,0.09333333333333331,0.6475,0.9025,0.98
0.18,0.16994794202567357,0.380859375,0,0.177,12,677.8695385909165,2923.756623010354,0.19416666666666665,0.25166666666666665,0.38916666666666666,-8.747550817669168,0.10722222222222222,0.6775,0.9133333333333333,0.9808333333333333
0.18,0.16994794202567357,0.380859375,0,0.177,16,746.2356472366941,3336.5151420453085,0.19166666666666668,0.23666666666666666,0.365,-8.68127537194976,0.11444444444444442,0.6916666666666667,0.9175,0.9841666666666666
0.18,0.16994794202567357,0.380859375,0,0.177,20,817.9788423206676,3465.2750701444475,0.19166666666666668,0.22583333333333333,0.355,-8.663633010633303,0.11972222222222222,0.7,0.9241666666666667,0.985
0.3,0.2886919720513986,0.498046875,0,0.0,5,627.7039975063835,3164.5623400701334,0.215,0.24416666666666667,0.4,-8.676392989477687,0.07166666666666666,0.6041666666666666,0.8841666666666667,0.9766666666666667
0.3,0.2886919720513986,0.498046875,0,0.0,8,469.064571958532,2367.2875827269327,0.26916666666666667,0.3416666666666667,0.4975,-8.28352472715051,0.0872222222222222,0.625,0.9033333333333333,0.9833333333333333
0.3,0.2886919720513986,0.498046875,0,0.0,12,347.4490582094625,2160.73069132321,0.33,0.4041666666666667,0.5808333333333333,-7.8906354232713545,0.0913888888888889,0.6325,0.905,0.9866666666666667
0.3,0.2886919720513986,0.498046875,0,0.0,16,264.03093565207155,1681.4193263199822,0.385,0.4675,0.6483333333333333,-7.580503809729549,0.08666666666666667,0.6358333333333334,0.8966666666666666,0.9775
0.3,0.2886919720513986,0.498046875,0,0.0,20,206.598721583728,1598.623254568393,0.43166666666666664,0.5191666666666667,0.6883333333333334,-7.35563196163816,0.08694444444444442,0.6425,0.8975,0.9708333333333333
0.3,0.2886919720513986,0.498046875,0,0.05,5,711.3022649799711,3427.812114755811,0.20166666666666666,0.22666666666666666,0.37916666666666665,-8.76875862957353,0.07805555555555559,0.6116666666666667,0.8916666666666667,0.9808333333333333
0.3,0.2886919720513986,0.498046875,0,0.05,8,507.82912879953466,2636.4922155770673,0.2525,0.32083333333333336,0.45666666666666667,-8.481102974559741,0.09888888888888887,0.6516666666666666,0.9108333333333334,0.9841666666666666
0.3,0.2886919720513986,0.498046875,0,0.05,12,430.7447371849714,2370.822881189082,0.2866666666666667,0.3591666666666667,0.5225,-8.225261473919245,0.11722222222222223,0.6783333333333333,0.9341666666666667,0.9891666666666666
0.3,0.2886919720513986,0.498046875,0,0.05,16,355.6940590446644,1951.758235140614,0.31,0.385,0.5675,-8.017683573932656,0.1311111111111111,0.7116666666666667,0.9408333333333333,0.9908333333333333
0.3,0.2886919720513986,0.498046875,0,0.05,20,317.0191557301698,1816.8482892982672,0.3433333333333333,0.42916666666666664,0.6033333333333334,-7.906935729775189,0.1383333333333333,0.7291666666666666,0.9425,0.9933333333333333
0.3,0.2886919720513986,0.498046875,0,0.09,5,746.2356472366941,3430.1105270860626,0.19166666666666668,0.215,0.365,-8.835430951271087,0.07805555555555554,0.6091666666666666,0.895,0.98
0.3,0.2886919720513986,0.498046875,0,0.09,8,573.7579687163968,2752.7557215023403,0.2275,0.29,0.4225,-8.614479426991014,0.09749999999999996,0.6475,0.9116666666666666,0.9833333333333333
0.3,0.2886919720513986,0.498046875,0,0.09,12,494.9305600179647,2547.3442395480497,0.24583333333333332,0.3175,0.4816666666666667,-8.437016967218293,0.11444444444444446,0.6783333333333333,0.9283333333333333,0.9866666666666667
0.3,0.2886919720513986,0.498046875,0,0.09,16,450.49435506092857,2383.0950766061565,0.2708333333333333,0.3383333333333333,0.49333333333333335,-8.294745462974266,0.1322222222222222,0.7141666666666666,0.9425,0.99
0.3,0.2886919720513986,0.498046875,0,0.09,20,449.57773355516514,2304.1273932344484,0.27166666666666667,0.3516666666666667,0.5041666666666667,-8.236009829240377,0.13777777777777778,0.725,0.9458333333333333,0.9925
0.3,0.2886919720513986,0.498046875,0,0.13,5,807.8761598226495,3462.651802721566,0.18083333333333335,0.20166666666666666,0.3441666666666667,-8.895123701714454,0.07861111111111112,0.61,0.8975,0.9783333333333334
0.3,0.2886919720513986,0.498046875,0,0.13,8,652.148521240289,2885.927844380462,0.21166666666666667,0.2633333333333333,0.39416666666666667,-8.72566105171309,0.09416666666666666,0.6425,0.9083333333333333,0.9816666666666667
0.3,0.2886919720513986,0.498046875,0,0.13,12,602.8298256974281,2801.0163657352023,0.21333333333333335,0.2816666666666667,0.42833333333333334,-8.602007446339075,0.11138888888888887,0.6791666666666667,0.9216666666666666,0.9833333333333333
0.3,0.2886919720513986,0.498046875,0,0.13,16,573.537077520139,2849.5685686048323,0.225,0.2816666666666667,0.4266666666666667,-8.50263928598322,0.12555555555555556,0.7058333333333333,0.935,0.9858333333333333
0.3,0.2886919720513986,0.498046875,0,0.13,20,591.4011505577278,2807.5613836953003,0.23166666666666666,0.2841666666666667,0.42083333333333334,-8.467713425718703,0.1283333333333333,0.7091666666666666,0.9366666666666666,0.9891666666666666
0.3,0.2886919720513986,0.498046875,0,0.177,5,844.7781865297266,3492.554109320901,0.17833333333333334,0.19416666666666665,0.33,-8.95692728396039,0.07611111111111109,0.6083333333333333,0.8933333333333333,0.9766666666666667
0.3,0.2886919720513986,0.498046875,0,0.177,8,818.6580903002787,3395.455502948179,0.18416666666666667,0.22916666666666666,0.3475,-8.832721560872837,0.08999999999999997,0.6391666666666667,0.9016666666666666,0.9791666666666666
0.3,0.2886919720513986,0.498046875,0,0.177,12,724.0416178993407,3049.775867819788,0.185,0.24166666666666667,0.37833333333333335,-8.75127483160909,0.1002777777777778,0.66,0.9125,0.9783333333333334
0.3,0.2886919720513986,0.498046875,0,0.177,16,790.7071573733067,3332.3598387765905,0.185,0.2275,0.35833333333333334,-8.683556573225445,0.10999999999999999,0.6791666666666667,0.9175,0.9833333333333333
0.3,0.2886919720513986,0.498046875,0,0.177,20,841.8308429537097,3487.7380858749843,0.18083333333333335,0.21666666666666667,0.3383333333333333,-8.662911984281905,0.11694444444444448,0.6883333333333334,0.93,0.9825
