model,k,group,n,median_km,p90_km,within_150km,logscore,entropy_bits,area50_km2,cover50,cover50_lo,cover50_hi,area80_km2,cover80,cover80_lo,cover80_hi,area95_km2,cover95,cover95_lo,cover95_hi
prior,0,all,6000,1398.568359375,3890.88671875,0.07633333333333334,-9.66543675425282,13.934985063006739,488255.90625,0.49233333333333335,,,1868377.5,0.8046666666666666,,,3927309.25,0.9491666666666667,,
prior,0,stayer,5104,1398.568359375,3893.330078125,0.07562695924764891,-9.665154097348658,13.934985063006739,488255.90625,0.49079153605015674,0.4770885785026258,0.5045083449415153,1868377.5,0.8042711598746082,0.7931589817256676,0.8149256542583457,3927309.25,0.9488636363636364,0.9424756858869161,0.9545764075061132
prior,0,mover,896,1396.4586181640625,3879.406494140625,0.08035714285714286,-9.667046889117602,13.934985063006739,488255.90625,0.5011160714285714,0.4684418460282581,0.5337807673739229,1868377.5,0.8069196428571429,0.7797857292580328,0.831432956341744,3927309.25,0.9508928571428571,0.9347180571869138,0.9632177572942127
prior,0,mover_0_500km,112,985.4622802734375,3864.097412109375,0.17857142857142858,-9.427006295367319,13.934985063006739,488255.90625,0.5714285714285714,,,1868377.5,0.8392857142857143,,,3927309.25,0.9642857142857143,,
prior,0,mover_500_1500km,334,1192.83642578125,2599.783935546875,0.0658682634730539,-9.822137138844793,13.934985063006739,488255.90625,0.4251497005988024,,,1868377.5,0.8053892215568862,,,3927309.25,0.9431137724550899,,
prior,0,mover_1500km_plus,450,1765.720703125,3947.71533203125,0.06666666666666667,-9.611678895986824,13.934985063006739,488255.90625,0.54,,,1868377.5,0.8,,,3927309.25,0.9533333333333334,,
net,5,all,6000,653.4564514160156,3029.7009033203126,0.21466666666666667,-8.871545055413097,13.348780636281232,296370.40625,0.5706666666666667,,,1185196.75,0.8378333333333333,,,3133061.125,0.9585,,
net,5,stayer,5104,500.2367401123047,2824.7885986328115,0.2458855799373041,-8.589545758949008,13.355728633824464,297516.3125,0.6347962382445141,0.6214899631386601,0.6478997532534849,1186655.625,0.8947884012539185,0.8860717245365277,0.9029112384433735,3138038.625,0.9796238244514106,0.975371731383141,0.983154468802863
net,5,mover,896,1529.4911499023438,3468.83251953125,0.036830357142857144,-10.477933904913893,13.298567254544235,292023.84375,0.20535714285714285,0.1801905440182132,0.2330395178060012,1157219.4375,0.5133928571428571,0.4806778105325805,0.5459935502935914,3111167.5,0.8381696428571429,0.8126185965760553,0.8608332642847896
net,5,mover_0_500km,112,454.55577087402344,3087.748437500001,0.1875,-8.971764177030703,13.139543099529,260213.1484375,0.5,,,991335.875,0.8571428571428571,,,3028261.125,0.9642857142857143,,
net,5,mover_500_1500km,334,1140.9949340820312,2381.026318359374,0.011976047904191617,-10.66821342456834,13.25421317071697,290649.21875,0.17065868263473055,,,1089257.3125,0.4431137724550898,,,2971425.0,0.8383233532934131,,
net,5,mover_1500km_plus,450,2235.1051025390625,3832.2142333984375,0.017777777777777778,-10.711573127043517,13.397152625364548,299252.890625,0.15777777777777777,,,1213338.75,0.48,,,3198257.5,0.8066666666666666,,
net+mix,5,all,6000,654.0218811035156,3064.8465332031265,0.214,-8.880953381652605,13.561431531253817,362021.703125,0.6058333333333333,,,1373776.375,0.8695,,,3415345.625,0.969,,
net+mix,5,stayer,5104,500.7803955078125,2903.0116210937495,0.2445141065830721,-8.651188553250918,13.562875532388308,362022.8125,0.6669278996865203,0.6538762860301424,0.6797284208973393,1378291.0625,0.9098746081504702,0.9017070027261926,0.9174256814196899,3416513.375,0.9802115987460815,0.9760139286139429,0.9836869360330736
net+mix,5,mover,896,1502.451416015625,3465.6375732421875,0.04017857142857143,-10.189792314869356,13.539749086068596,354185.171875,0.2578125,0.23024645922013012,0.2874464325065916,1365929.375,0.6395089285714286,0.6075355838756552,0.6702910913969705,3402648.625,0.9051339285714286,0.8841800664403656,0.9226285985513396
net+mix,5,mover_0_500km,112,445.8083953857422,2944.2210937500013,0.1875,-8.957775088290967,13.42651360581317,318511.015625,0.5267857142857143,,,1228365.625,0.8928571428571429,,,3357528.625,0.9732142857142857,,
net+mix,5,mover_500_1500km,334,1129.3878173828125,2179.910864257812,0.014970059880239521,-10.383538159956332,13.498183725195732,354185.171875,0.2155688622754491,,,1317591.1875,0.5568862275449101,,,3306186.625,0.9251497005988024,,
net+mix,5,mover_1500km_plus,450,2230.90966796875,3827.3479248046874,0.022222222222222223,-10.352625241797647,13.585798609305304,361090.0625,0.2222222222222222,,,1405808.25,0.6377777777777778,,,3439573.0,0.8733333333333333,,
bayes(rho=0),5,all,6000,701.5307006835938,3207.1908935546876,0.19683333333333333,-8.847442948742819,13.378440504502,302712.375,0.5761666666666667,,,1247973.0625,0.852,,,3124976.25,0.9581666666666667,,
bayes(rho=0),5,stayer,5104,565.4022216796875,3113.287377929687,0.2225705329153605,-8.611368965195746,13.378440504502,302712.375,0.6275470219435737,0.614192191127891,0.6407099969117694,1252086.125,0.8947884012539185,0.8860717245365277,0.9029112384433735,3129009.0,0.9768808777429467,0.9723852484821758,0.9806591842191046
bayes(rho=0),5,mover,896,1483.8632202148438,3530.892578125,0.05022321428571429,-10.192221533591322,13.377957698234134,302712.375,0.28348214285714285,0.2549444300250165,0.31386856995186835,1236475.75,0.6082589285714286,0.5758988251762865,0.6396946748352711,3083290.25,0.8515625,0.8267829665550553,0.8733402551319617
bayes(rho=0),5,mover_0_500km,112,446.7003173828125,2938.8819580078134,0.1875,-8.935551096136194,13.275256194973831,287625.71875,0.5,,,1172582.0625,0.8839285714285714,,,2985762.625,0.9732142857142857,,
bayes(rho=0),5,mover_500_1500km,334,1119.7896728515625,2229.0926025390618,0.029940119760479042,-10.411179858140436,13.336689647934069,302712.375,0.25449101796407186,,,1179317.8125,0.5419161676646707,,,2993648.25,0.8383233532934131,,
bayes(rho=0),5,mover_1500km_plus,450,2143.341552734375,3837.0255615234373,0.03111111111111111,-10.342477108248149,13.395081145111774,302712.375,0.2511111111111111,,,1269174.6875,0.5888888888888889,,,3175380.25,0.8311111111111111,,
bayes(rho=0)@cluster,5,all,6000,694.5008850097656,3187.1039794921894,0.19816666666666666,-8.865499610284857,13.390772180149057,304270.65625,0.5713333333333334,,,1256125.875,0.8505,,,3146165.75,0.9576666666666667,,
bayes(rho=0)@cluster,5,stayer,5104,550.544677734375,3083.838110351562,0.22452978056426331,-8.6351043466705,13.390911800972566,304270.65625,0.6199059561128527,0.6065033932835727,0.6331281567629284,1262863.125,0.8910658307210031,0.8822223926130276,0.8993210287804626,3153758.5,0.9760971786833855,0.971534848873771,0.9799433645461595
bayes(rho=0)@cluster,5,mover,896,1505.9466552734375,3546.5399169921875,0.04799107142857143,-10.177929772659493,13.38591413555029,303686.125,0.29464285714285715,0.2657197524922697,0.3253193815064252,1243350.3125,0.6194196428571429,0.5871816645597892,0.6506379694735787,3103689.125,0.8526785714285714,0.827966149383557,0.8743796857056408
bayes(rho=0)@cluster,5,mover_0_500km,112,438.88816833496094,2741.158251953126,0.20535714285714285,-8.936231654935519,13.288549604291688,290534.515625,0.5089285714285714,,,1179154.0625,0.8928571428571429,,,3016287.625,0.9732142857142857,,
bayes(rho=0)@cluster,5,mover_500_1500km,334,1127.5311889648438,2229.0926025390618,0.02694610778443114,-10.383737605688925,13.346803286862214,304270.65625,0.26047904191616766,,,1186996.8125,0.5479041916167665,,,3023400.625,0.8323353293413174,,
bayes(rho=0)@cluster,5,mover_1500km_plus,450,2152.1568603515625,3837.0835693359377,0.024444444444444446,-10.334219490333394,13.403508690407378,303978.390625,0.26666666666666666,,,1276742.375,0.6044444444444445,,,3204437.0,0.8377777777777777,,
bayes(rho=0)+mix,5,all,6000,726.1538696289062,3321.8834228515634,0.19,-8.887259664872962,13.537082051166916,347592.1875,0.5948333333333333,,,1399936.0,0.8661666666666666,,,3390081.5,0.9655,,
bayes(rho=0)+mix,5,stayer,5104,592.2483520507812,3220.184912109375,0.2139498432601881,-8.693242053848493,13.537819696129382,348250.53125,0.6414576802507836,0.6281988665794351,0.654503713704182,1402205.5,0.8998824451410659,0.8913445808292465,0.9078188074794277,3400099.75,0.977076802507837,0.9725980376082566,0.9808379499133613
bayes(rho=0)+mix,5,mover,896,1446.2337646484375,3530.892578125,0.05357142857142857,-9.992467127673056,13.537082051166916,343446.140625,0.32924107142857145,0.299256127114359,0.3606840223519471,1380965.75,0.6741071428571429,0.6427299092024821,0.7039977815377549,3360311.375,0.8995535714285714,0.8781333082381041,0.9175622897426959
bayes(rho=0)+mix,5,mover_0_500km,112,433.10459899902344,2529.7284423828132,0.19642857142857142,-8.961775172406922,13.482390332304309,330772.96875,0.5267857142857143,,,1324822.75,0.9017857142857143,,,3321454.625,0.9821428571428571,,
bayes(rho=0)+mix,5,mover_500_1500km,334,1108.4953002929688,2174.0773193359373,0.03293413173652695,-10.189537774584744,13.512970931300764,346160.84375,0.2934131736526946,,,1335807.9375,0.6167664670658682,,,3285068.375,0.8982035928143712,,
bayes(rho=0)+mix,5,mover_1500km_plus,450,2127.88671875,3834.0180908203124,0.03333333333333333,-10.102724689720393,13.5434488599069,345555.890625,0.30666666666666664,,,1409429.0625,0.66,,,3432950.625,0.88,,
net,14,all,6000,292.3973693847656,2181.215283203127,0.356,-8.196757127732688,12.475090142075675,129011.50390625,0.603,,,633180.46875,0.8366666666666667,,,2339509.875,0.9578333333333333,,
net,14,stayer,5104,205.9133529663086,1644.0037841796873,0.4135971786833856,-7.718186892016293,12.476011691851191,129077.7578125,0.6949451410658307,0.682170630775911,0.707426415459822,633180.46875,0.932601880877743,0.9253932469554284,0.9391597963495951,2342956.0,0.9900078369905956,0.9868868827669889,0.9923917228968985
net,14,mover,896,1477.3902587890625,3326.54931640625,0.027901785714285716,-10.922898291902865,12.469019220166958,127783.3515625,0.07924107142857142,0.06329715263333284,0.09877759474442786,633244.5,0.29017857142857145,0.26140702020865114,0.3207416601813198,2310442.625,0.7745535714285714,0.7460526672467109,0.8007102296898165
net,14,mover_0_500km,112,365.365478515625,1511.4237915039064,0.19642857142857142,-8.91588273229998,12.37809051527675,119114.921875,0.35714285714285715,,,546384.96875,0.6785714285714286,,,2114452.75,0.9553571428571429,,
net,14,mover_500_1500km,334,1006.7155151367188,1604.6794677734374,0.008982035928143712,-11.16144414153743,12.461418787584355,135286.4453125,0.05389221556886228,,,629477.6875,0.24550898203592814,,,2269976.0,0.7395209580838323,,
net,14,mover_1500km_plus,450,2333.7867431640625,3806.245458984375,0.0,-11.245368133897484,12.498643721469353,128391.62109375,0.028888888888888888,,,652833.53125,0.22666666666666666,,,2362430.875,0.7555555555555555,,
net+mix,14,all,6000,292.74652099609375,2174.4019042968775,0.3541666666666667,-8.22080904422137,12.894109193240254,178170.4140625,0.655,,,930901.40625,0.8853333333333333,,,2875521.125,0.974,,
net+mix,14,stayer,5104,208.2925567626953,1641.8140258789053,0.4114420062695925,-7.825791317997905,12.894293561188165,178341.2890625,0.7464733542319749,0.7343561057825356,0.7582198582019388,930838.96875,0.9504310344827587,0.9441300901404527,0.956054441815276,2878736.375,0.9903996865203761,0.9873313950823416,0.9927303202222205
net+mix,14,mover,896,1467.559326171875,3326.54931640625,0.027901785714285716,-10.470999306101474,12.89357447325799,176944.65625,0.13392857142857142,0.1131836957535389,0.1577991083310911,933081.875,0.5145089285714286,0.48179114401845224,0.5471028302099009,2850986.125,0.8805803571428571,0.8577051143722567,0.9002060557714662
net+mix,14,mover_0_500km,112,365.365478515625,1511.4237915039064,0.19642857142857142,-8.885960661959482,12.817054530445697,168895.984375,0.44642857142857145,,,834265.84375,0.8125,,,2704365.75,0.9732142857142857,,
net+mix,14,mover_500_1500km,334,1004.2706909179688,1598.2421752929686,0.008982035928143712,-10.704528069706521,12.897325865394587,181820.28125,0.10778443113772455,,,931787.78125,0.437125748502994,,,2797089.875,0.8862275449101796,,
net+mix,14,mover_1500km_plus,450,2349.4044189453125,3806.245458984375,0.0,-10.692167575212176,12.912068213335274,178745.109375,0.07555555555555556,,,949680.6875,0.49777777777777776,,,2915960.875,0.8533333333333334,,
bayes(rho=0),14,all,6000,358.2404327392578,2279.1654541015637,0.32083333333333336,-8.179553571510189,12.543057141154325,156092.515625,0.5896666666666667,,,709132.5625,0.8425,,,2082063.4375,0.9348333333333333,,
bayes(rho=0),14,stayer,5104,267.45013427734375,1745.9884033203125,0.37186520376175547,-7.639951815212703,12.551419739867725,157814.8046875,0.6726097178683386,0.6596100355432366,0.6853497611740305,714757.375,0.9308385579937304,0.9235486296441264,0.9374804202778602,2088334.5,0.9894200626959248,0.9862220482430908,0.9918818929597844
bayes(rho=0),14,mover,896,1435.5313110351562,3371.349365234375,0.030133928571428572,-11.253356433276227,12.488071495342801,149980.53125,0.1171875,0.09774245513430013,0.1399011479176148,684341.5,0.3392857142857143,0.30902833314022315,0.370915336945712,2027120.5625,0.6238839285714286,0.5916997385126529,0.6550103491294389
bayes(rho=0),14,mover_0_500km,112,352.82435607910156,1281.6906372070312,0.21428571428571427,-9.129097930010188,12.251846695862055,119821.03515625,0.33035714285714285,,,575787.4375,0.6607142857142857,,,1909419.4375,0.8839285714285714,,
bayes(rho=0),14,mover_500_1500km,334,997.7637939453125,1639.891015625,0.0029940119760479044,-11.368217892224136,12.56028201068354,155880.1640625,0.09281437125748503,,,704053.21875,0.344311377245509,,,2040601.625,0.5898203592814372,,
bayes(rho=0),14,mover_1500km_plus,450,2289.6734619140625,3789.941088867188,0.0044444444444444444,-11.696808044558889,12.487702744999268,147618.5234375,0.08222222222222222,,,682990.6875,0.25555555555555554,,,2068796.9375,0.5844444444444444,,
bayes(rho=0)@cluster,14,all,6000,354.0319061279297,2264.048583984376,0.3275,-8.231364686064428,12.577655549500196,160758.15625,0.5818333333333333,,,725434.125,0.8411666666666666,,,2123858.0,0.9341666666666667,,
bayes(rho=0)@cluster,14,stayer,5104,260.4793243408203,1730.6400390625,0.3793103448275862,-7.706742925376312,12.590750367510875,161992.2265625,0.6622257053291536,0.6491327126222163,0.6750746786171674,731441.65625,0.9280956112852664,0.9206817925909369,0.9348654898463257,2130676.125,0.987460815047022,0.9840206223553805,0.9901677706441205
bayes(rho=0)@cluster,14,mover,896,1455.498046875,3289.3720703125,0.03236607142857143,-11.219835072841366,12.524850275281654,154219.015625,0.12388392857142858,0.10390393478323795,0.14707534868176303,698855.71875,0.34598214285714285,0.3155517423092226,0.3777276081897985,2076146.0625,0.6305803571428571,0.5984822008784829,0.6615635671766946
bayes(rho=0)@cluster,14,mover_0_500km,112,357.5080261230469,1274.4861816406253,0.22321428571428573,-9.089614551333481,12.28143848547538,123800.52734375,0.3482142857142857,,,593018.71875,0.6607142857142857,,,1940596.3125,0.8928571428571429,,
bayes(rho=0)@cluster,14,mover_500_1500km,334,1006.6070861816406,1614.1092041015625,0.005988023952095809,-11.330322878210804,12.583635869919458,158957.734375,0.10179640718562874,,,725285.375,0.3502994011976048,,,2084139.3125,0.5988023952095808,,
bayes(rho=0)@cluster,14,mover_1500km_plus,450,2297.3233642578125,3788.3775390625,0.0044444444444444444,-11.668016787098018,12.525409262898355,151040.7734375,0.08444444444444445,,,694735.65625,0.2644444444444444,,,2111159.375,0.5888888888888889,,
bayes(rho=0)+mix,14,all,6000,367.8607635498047,2283.3388671875023,0.31666666666666665,-8.159162083145958,12.945953282432011,206424.0546875,0.6376666666666667,,,961750.125,0.8833333333333333,,,2765307.5,0.9678333333333333,,
bayes(rho=0)+mix,14,stayer,5104,276.87510681152344,1766.000610351562,0.36696708463949845,-7.761738028501262,12.948119705915303,207817.5703125,0.7192398119122257,0.7067500943766354,0.7313997495809377,965911.28125,0.9508228840125392,0.9445439443315424,0.956423697264861,2769547.75,0.9913793103448276,0.9884476570109391,0.9935718323953104
bayes(rho=0)+mix,14,mover,896,1438.8661499023438,3371.349365234375,0.030133928571428572,-10.423059822996988,12.914296751196051,196900.4609375,0.17299107142857142,0.1496339108494124,0.1991403623115528,944711.78125,0.49888392857142855,0.466219232626077,0.5315581539717418,2735099.125,0.8337053571428571,0.8079103510897764,0.8566510561623443
bayes(rho=0)+mix,14,mover_0_500km,112,352.82435607910156,1439.4459350585948,0.21428571428571427,-9.02951226266346,12.707435402025126,165493.203125,0.4107142857142857,,,843932.0625,0.75,,,2671240.5,0.9464285714285714,,
bayes(rho=0)+mix,14,mover_500_1500km,334,997.7637939453125,1639.891015625,0.0029940119760479044,-10.58774479462191,12.970678985379706,205548.1640625,0.15269461077844312,,,966863.625,0.45808383233532934,,,2725786.375,0.8263473053892215,,
bayes(rho=0)+mix,14,mover_1500km_plus,450,2289.6734619140625,3789.941088867188,0.0044444444444444444,-10.647665481296164,12.909184403469148,194509.5546875,0.1288888888888889,,,946073.28125,0.4666666666666667,,,2762617.125,0.8111111111111111,,
net,30,all,6000,153.54070281982422,1802.788610839844,0.49366666666666664,-7.707584515077004,11.715531306807359,70552.8046875,0.6455,,,332778.328125,0.843,,,1859198.625,0.9553333333333334,,
net,30,stayer,5104,117.80273818969727,1041.6003784179686,0.5754310344827587,-7.102370717962519,11.715531306807359,70386.8359375,0.7494122257053292,0.7373387511710894,0.7611105351184464,334574.015625,0.957680250783699,0.951804291865733,0.96286776844248,1861631.6875,0.9945141065830722,0.992082662755216,0.9962017037764321
net,30,mover,896,1523.9635009765625,3400.36767578125,0.027901785714285716,-11.155141680782723,11.717037264295591,72035.69921875,0.05357142857142857,0.04064198393632811,0.07031265519126945,322511.65625,0.18973214285714285,0.16540377451368993,0.21670969967999038,1848039.8125,0.7321428571428571,0.7021998872845873,0.7601037003690619
net,30,mover_0_500km,112,341.8831787109375,1183.3397583007816,0.19642857142857142,-8.91001891101087,11.488710682307207,62149.0234375,0.29464285714285715,,,257768.5234375,0.5714285714285714,,,1676593.25,0.9464285714285714,,
net,30,mover_500_1500km,334,1046.6732788085938,1537.1634033203125,0.005988023952095809,-11.452147275345627,11.740446878309418,75508.80078125,0.03293413173652695,,,323488.4375,0.1317365269461078,,,1840334.5625,0.6856287425149701,,
net,30,mover_1500km_plus,450,2364.146240234375,3805.795825195313,0.0022222222222222222,-11.49348363996147,11.750390823162773,72408.9140625,0.008888888888888889,,,336602.796875,0.13777777777777778,,,1914087.25,0.7133333333333334,,
net+mix,30,all,6000,155.10313415527344,1799.8227294921878,0.49183333333333334,-7.734918870205722,12.29600457058196,100067.4609375,0.6971666666666667,,,641029.25,0.8948333333333334,,,2544779.625,0.9731666666666666,,
net+mix,30,stayer,5104,117.98159790039062,1040.460192871093,0.5732758620689655,-7.232018342295279,12.297421503901328,99938.6953125,0.804858934169279,0.7937586826381163,0.8155006178069092,641567.0,0.9719827586206896,0.967088247792572,0.9761673144002727,2545669.875,0.9943181818181818,0.9918518356724066,0.996040976038904
net+mix,30,mover,896,1526.2218017578125,3400.783203125,0.027901785714285716,-10.599655805981287,12.294923099006166,100853.109375,0.08370535714285714,0.06730017315707629,0.10366502782940842,637488.625,0.45535714285714285,0.4230081124441323,0.4880873514686275,2542208.625,0.8526785714285714,0.827966149383557,0.8743796857056408
net+mix,30,mover_0_500km,112,339.54754638671875,1136.0646850585938,0.19642857142857142,-8.84115894199099,12.096610891478285,85097.95703125,0.3482142857142857,,,526905.65625,0.7946428571428571,,,2417451.75,0.9553571428571429,,
net+mix,30,mover_500_1500km,334,1054.6798706054688,1547.4488281249999,0.005988023952095809,-10.875316919840152,12.318551089589725,107025.734375,0.05688622754491018,,,643064.84375,0.36227544910179643,,,2528042.0,0.8592814371257484,,
net+mix,30,mover_1500km_plus,450,2364.146240234375,3805.795825195313,0.0022222222222222222,-10.832724332065853,12.340190891770945,102107.5546875,0.03777777777777778,,,657491.3125,0.44,,,2595891.125,0.8222222222222222,,
bayes(rho=0),30,all,6000,183.85584259033203,1906.3710449218759,0.458,-7.749290028807112,11.383128113632232,63732.09375,0.5796666666666667,,,298307.03125,0.806,,,1002520.03125,0.8938333333333334,,
bayes(rho=0),30,stayer,5104,131.60550689697266,1312.9167480468748,0.5327194357366771,-6.834855867482326,11.391481584556072,64401.83984375,0.6714341692789969,0.6584235678927212,0.6841868999025215,298472.25,0.9196708463949843,0.9118945196026522,0.9268159055601013,1008560.15625,0.9884404388714734,0.9851187002806459,0.9910274668205423
bayes(rho=0),30,mover,896,1474.4201049804688,3406.427490234375,0.03236607142857143,-12.958298912067944,11.34956607632473,61386.49609375,0.056919642857142856,0.04355516860975972,0.07406731072438086,294331.75,0.15848214285714285,0.13603430402762434,0.18384599490498776,967934.625,0.3549107142857143,0.3242601398551669,0.3868001178613023
bayes(rho=0),30,mover_0_500km,112,309.87030029296875,620.6735290527345,0.22321428571428573,-9.780907048507945,10.526647635106812,36413.126953125,0.20535714285714285,,,170266.09375,0.4107142857142857,,,629420.34375,0.6875,,
bayes(rho=0),30,mover_500_1500km,334,1063.9727783203125,1516.4852783203123,0.008982035928143712,-13.1705905589932,11.401464038703214,61691.94140625,0.04491017964071856,,,309722.71875,0.1437125748502994,,,979896.53125,0.3323353293413174,,
bayes(rho=0),30,mover_1500km_plus,450,2333.5360107421875,3790.9953613281255,0.0022222222222222222,-13.591548864613904,11.423918356587448,65959.08203125,0.028888888888888888,,,307783.203125,0.10666666666666667,,,1051708.125,0.28888888888888886,,
bayes(rho=0)@cluster,30,all,6000,179.3822784423828,1898.8881347656265,0.46116666666666667,-7.827433809234637,11.44585895784649,66736.015625,0.5756666666666667,,,311679.234375,0.8048333333333333,,,1043618.53125,0.895,,
bayes(rho=0)@cluster,30,stayer,5104,127.79803848266602,1273.9964721679678,0.5362460815047022,-6.938263424056775,11.453807922416988,67592.140625,0.665948275862069,0.6528879227744061,0.6787590100513886,312287.796875,0.9169278996865203,0.9090389399678708,0.9241897177101589,1048427.28125,0.9880485893416928,0.9846788724721777,0.9906841849883355
bayes(rho=0)@cluster,30,mover,896,1483.6203002929688,3413.2078857421875,0.033482142857142856,-12.892529396229959,11.414475029366324,63763.1328125,0.06138392857142857,0.047461526249528194,0.07905140669333642,310499.015625,0.16629464285714285,0.1433489438376557,0.19208964891022348,1009686.21875,0.36495535714285715,0.33407121874503315,0.3969925595910651
bayes(rho=0)@cluster,30,mover_0_500km,112,318.6803283691406,610.0006408691407,0.20535714285714285,-9.713005994064511,10.635616028499443,38668.392578125,0.22321428571428573,,,188714.71875,0.41964285714285715,,,654522.96875,0.6964285714285714,,
bayes(rho=0)@cluster,30,mover_500_1500km,334,1058.1718139648438,1555.9224853515623,0.008982035928143712,-13.093025753367002,11.457535478139814,65156.44140625,0.04790419161676647,,,320270.234375,0.15568862275449102,,,1019953.46875,0.3413173652694611,,
bayes(rho=0)@cluster,30,mover_1500km_plus,450,2342.7088623046875,3797.478125,0.008888888888888889,-13.535064591249421,11.466376888216196,67613.8984375,0.03111111111111111,,,324000.546875,0.1111111111111111,,,1094732.75,0.3,,
bayes(rho=0)+mix,30,all,6000,184.00625610351562,1910.2505981445343,0.45816666666666667,-7.54122550049505,12.073393979653707,92062.40625,0.638,,,534614.40625,0.868,,,2072213.9375,0.9626666666666667,,
bayes(rho=0)+mix,30,stayer,5104,131.60550689697266,1314.2378662109375,0.5327194357366771,-6.972560036139172,12.077787174045106,92793.84765625,0.7349137931034483,0.7226312621698205,0.7468429674147461,537114.4375,0.9647335423197492,0.9593134532771015,0.9694545805632586,2074009.9375,0.9962774294670846,0.9941928551261519,0.9976155047885329
bayes(rho=0)+mix,30,mover,896,1475.1377563476562,3426.291748046875,0.033482142857142856,-10.780587699236577,12.042264217028924,87599.421875,0.0859375,0.06930739518450953,0.10610303260633723,528881.84375,0.3169642857142857,0.28733381754179926,0.34815758450051576,2051331.25,0.7712053571428571,0.742576995862053,0.7975180608679315
bayes(rho=0)+mix,30,mover_0_500km,112,317.1425018310547,650.2426696777345,0.22321428571428573,-9.218625802664373,11.4536191746039,53000.947265625,0.29464285714285715,,,346559.015625,0.5982142857142857,,,1767668.875,0.8839285714285714,,
bayes(rho=0)+mix,30,mover_500_1500km,334,1059.6329345703125,1516.4852783203123,0.011976047904191617,-10.964023160631308,12.078404450721488,88791.875,0.0688622754491018,,,537771.09375,0.27844311377245506,,,2035335.9375,0.7544910179640718,,
bayes(rho=0)+mix,30,mover_1500km_plus,450,2333.5360107421875,3805.9111816406253,0.0022222222222222222,-11.033192784370454,12.11102615598352,94181.08203125,0.04666666666666667,,,555321.96875,0.27555555555555555,,,2102737.625,0.7555555555555555,,
