task,k,n_train,n_test,base_rate,auc,auc_lo95,auc_hi95,brier,brier_base,acc,acc_majority
moved,5,240000,60000,0.15094999969005585,0.5002266419510434,0.49373224378810476,0.5063203734726437,0.1284027397632599,0.12816409766674042,0.8489666666666666,0.8490500003099442
moved_shuffled,5,240000,60000,0.14878332614898682,0.5000584992822266,0.4936707201382934,0.5066392584316128,0.1268109828233719,0.12664683163166046,0.8512166666666666,0.8512166738510132
idiolect_sign,5,240000,60000,0.4999333322048187,0.7599622035104392,0.7563343898685543,0.7637535539913383,0.19737082719802856,0.2499999850988388,0.69465,0.5000666677951813
moved,14,240000,60000,0.15094999969005585,0.49930715017735583,0.49300587592839407,0.5059332354341668,0.13224798440933228,0.12816409766674042,0.8459333333333333,0.8490500003099442
moved_shuffled,14,240000,60000,0.14878332614898682,0.49835583382296217,0.4919206086537317,0.5051671180154902,0.1309475302696228,0.12664683163166046,0.8473666666666667,0.8512166738510132
idiolect_sign,14,240000,60000,0.4999333322048187,0.8499763628884687,0.8471142211863159,0.8531186886888402,0.15779125690460205,0.2499999850988388,0.7688,0.5000666677951813
moved,30,240000,60000,0.15094999969005585,0.5038964576036766,0.4974224348023671,0.510367134282989,0.13935670256614685,0.12816409766674042,0.8371333333333333,0.8490500003099442
moved_shuffled,30,240000,60000,0.14878332614898682,0.5002663717105872,0.49412436183662006,0.5067315725612622,0.13815270364284515,0.12664683163166046,0.8389333333333333,0.8512166738510132
idiolect_sign,30,240000,60000,0.4999333322048187,0.871632539940134,0.8688681967344075,0.8743939236304908,0.15875627100467682,0.2499999850988388,0.7940833333333334,0.5000666677951813
