ordering,k,n,median_km,mean_km,p90_km,within_150km,state_acc,logscore,calib_err,cover50,cover80,cover95,d_vs_mi,d_lo,d_hi,win_rate,tie_rate,same_set
mi,1,8000,1109.880126953125,1415.748779296875,3806.438720703125,0.108,0.10425,-9.434905304301864,0.01824999999999999,0.527125,0.820875,0.95675,0.0,0.0,0.0,0.0,1.0,1
mi,2,8000,982.6187744140625,1407.434814453125,3768.673095703125,0.124375,0.115875,-9.264284837334095,0.02979166666666666,0.545,0.832375,0.962,0.0,0.0,0.0,0.0,1.0,1
mi,3,8000,908.2577514648438,1315.7659912109375,3515.8935546875,0.166375,0.1765,-9.11039014777799,0.036125,0.557875,0.837625,0.962875,0.0,0.0,0.0,0.0,1.0,1
mi,4,8000,836.544189453125,1217.156005859375,3271.4228515625,0.182875,0.214375,-8.973714857099033,0.043333333333333335,0.56775,0.847,0.96525,0.0,0.0,0.0,0.0,1.0,1
mi,5,8000,707.7703247070312,1166.703125,3232.566162109375,0.20075,0.241625,-8.849821892100532,0.04466666666666667,0.572125,0.847625,0.96425,0.0,0.0,0.0,0.0,1.0,1
mi,6,8000,680.663818359375,1147.158447265625,3214.22509765625,0.21125,0.27025,-8.748242653085173,0.04712500000000001,0.58025,0.847375,0.96375,0.0,0.0,0.0,0.0,1.0,1
mi,7,8000,608.6903686523438,1010.9253540039062,2757.01416015625,0.229625,0.300875,-8.642149631729986,0.04999999999999997,0.591,0.851625,0.957375,0.0,0.0,0.0,0.0,1.0,1
mi,8,8000,562.119873046875,978.9181518554688,2719.937255859375,0.24975,0.326375,-8.556669613308115,0.050500000000000024,0.59225,0.852875,0.956375,0.0,0.0,0.0,0.0,1.0,1
mi,9,8000,522.0785522460938,945.247802734375,2668.418701171875,0.2635,0.34525,-8.46693145569777,0.05229166666666666,0.59775,0.85475,0.954375,0.0,0.0,0.0,0.0,1.0,1
mi,10,8000,484.9106750488281,916.2588500976562,2639.343994140625,0.2775,0.363875,-8.388192159607343,0.051791666666666646,0.59825,0.85575,0.951375,0.0,0.0,0.0,0.0,1.0,1
mi,11,8000,447.86767578125,896.6104125976562,2576.115966796875,0.291625,0.373625,-8.323222391533214,0.052083333333333336,0.60025,0.855375,0.950625,0.0,0.0,0.0,0.0,1.0,1
mi,12,8000,418.28399658203125,865.3301391601562,2532.4619140625,0.306125,0.3885,-8.262353180583778,0.053083333333333295,0.602,0.853625,0.946375,0.0,0.0,0.0,0.0,1.0,1
mi,13,8000,380.13677978515625,828.5225219726562,2431.635498046875,0.321125,0.4075,-8.208725721919217,0.05216666666666662,0.599,0.849625,0.942125,0.0,0.0,0.0,0.0,1.0,1
mi,14,8000,350.859130859375,795.474609375,2346.465087890625,0.33525,0.41875,-8.154414318155531,0.05104166666666665,0.599,0.843125,0.939,0.0,0.0,0.0,0.0,1.0,1
mi,15,8000,326.8872985839844,773.9050903320312,2321.756103515625,0.346375,0.431625,-8.108590570000858,0.04841666666666666,0.58875,0.83825,0.93175,0.0,0.0,0.0,0.0,1.0,1
mi,16,8000,320.2935791015625,770.5592041015625,2323.704345703125,0.35275,0.434875,-8.069549188441808,0.04895833333333329,0.588,0.8385,0.929625,0.0,0.0,0.0,0.0,1.0,1
mi,17,8000,308.7178649902344,763.4651489257812,2338.181640625,0.3645,0.442625,-8.025856417838112,0.05216666666666666,0.595125,0.8385,0.927125,0.0,0.0,0.0,0.0,1.0,1
mi,18,8000,297.7262268066406,749.6338500976562,2278.048095703125,0.372125,0.451125,-7.984526734527868,0.051208333333333335,0.594875,0.835125,0.926375,0.0,0.0,0.0,0.0,1.0,1
mi,19,8000,273.5954895019531,732.9002685546875,2252.096923828125,0.382875,0.46475,-7.950836943756259,0.04954166666666663,0.589,0.83325,0.923625,0.0,0.0,0.0,0.0,1.0,1
mi,20,8000,261.94891357421875,709.0698852539062,2156.66259765625,0.392875,0.477375,-7.928898156277042,0.04762499999999995,0.58275,0.829125,0.919,0.0,0.0,0.0,0.0,1.0,1
mi,21,8000,255.29339599609375,701.7610473632812,2136.439208984375,0.398375,0.483875,-7.900437594311441,0.04849999999999999,0.584375,0.827625,0.9165,0.0,0.0,0.0,0.0,1.0,1
mi,22,8000,244.83990478515625,692.4404296875,2121.6279296875,0.407875,0.4875,-7.872141921093673,0.04804166666666665,0.58325,0.826375,0.9155,0.0,0.0,0.0,0.0,1.0,1
mi,23,8000,226.34092712402344,677.2596435546875,2086.44580078125,0.421125,0.499125,-7.846235432170782,0.04804166666666665,0.5815,0.82475,0.912125,0.0,0.0,0.0,0.0,1.0,1
mi,24,8000,208.5248260498047,660.0875244140625,2013.439697265625,0.4335,0.509875,-7.8252498583427315,0.04862499999999995,0.580625,0.822625,0.907375,0.0,0.0,0.0,0.0,1.0,1
mi,25,8000,203.71881103515625,655.176025390625,2011.2523193359375,0.4355,0.512875,-7.8014888025415745,0.04945833333333327,0.57975,0.823,0.904375,0.0,0.0,0.0,0.0,1.0,1
mi,26,8000,197.47454833984375,644.42138671875,1996.037109375,0.444,0.5205,-7.783389233289225,0.0502083333333333,0.581875,0.8225,0.90375,0.0,0.0,0.0,0.0,1.0,1
mi,27,8000,193.45639038085938,643.0106201171875,1986.8377685546875,0.4455,0.52175,-7.770441841851429,0.048958333333333326,0.581125,0.818875,0.903125,0.0,0.0,0.0,0.0,1.0,1
mi,28,8000,188.8219451904297,632.5052490234375,1941.1363525390625,0.45175,0.529875,-7.752528891205143,0.04854166666666663,0.5785,0.8185,0.901375,0.0,0.0,0.0,0.0,1.0,1
mi,29,8000,182.67979431152344,627.4616088867188,1934.28369140625,0.46,0.53375,-7.729769382648263,0.04837499999999998,0.58,0.81725,0.902125,0.0,0.0,0.0,0.0,1.0,1
mi,30,8000,175.426513671875,622.5001831054688,1939.4542236328125,0.46625,0.541125,-7.716508501345356,0.047999999999999966,0.57925,0.813375,0.898625,0.0,0.0,0.0,0.0,1.0,1
ratio,1,8000,1307.402099609375,1578.0377197265625,3855.634521484375,0.125125,0.107,-9.5100729779233,0.007749999999999997,0.514875,0.805625,0.95275,197.52197265625,150.12743530273437,252.52318725585937,0.386,0.095,0
ratio,2,8000,1180.6492919921875,1495.9169921875,3848.046630859375,0.138875,0.13225,-9.329360823399055,0.02370833333333333,0.536625,0.826375,0.958125,198.030517578125,159.63034057617188,230.48269653320312,0.29725,0.258625,0
ratio,3,8000,1071.9776611328125,1433.166015625,3565.08056640625,0.15975,0.18725,-9.165873180430648,0.03054166666666669,0.55,0.833375,0.95825,163.71990966796875,119.88974304199219,215.17499694824212,0.22375,0.439,0
ratio,4,8000,1009.095458984375,1379.84814453125,3522.822509765625,0.171,0.222125,-9.046101457896356,0.03808333333333336,0.566625,0.8375,0.960125,172.55126953125,136.83008880615233,211.0262313842773,0.245375,0.367125,0
ratio,5,8000,711.18408203125,1190.8349609375,3309.920166015625,0.19225,0.24825,-8.867097680669008,0.042666666666666665,0.57425,0.843375,0.960375,3.41375732421875,-20.76592254638672,24.796986389160153,0.22875,0.504875,0
ratio,6,8000,648.6699829101562,1062.3402099609375,2863.541015625,0.210875,0.2795,-8.755168205405178,0.04674999999999999,0.584125,0.846375,0.95975,-31.99383544921875,-52.983883666992185,-7.781344604492223,0.2145,0.594125,0
ratio,7,8000,596.14013671875,1023.2294311523438,2837.841552734375,0.231875,0.30575,-8.665037953556652,0.048958333333333326,0.590375,0.849125,0.957375,-12.55023193359375,-32.23116455078125,4.780537414550775,0.22825,0.586,0
ratio,8,8000,562.119873046875,978.9181518554688,2719.937255859375,0.24975,0.326375,-8.556669615968465,0.050500000000000024,0.59225,0.852875,0.956375,0.0,0.0,0.0,0.0,1.0,1
ratio,9,8000,522.0785522460938,945.247802734375,2668.418701171875,0.2635,0.34525,-8.466931459821044,0.05229166666666666,0.59775,0.85475,0.954375,0.0,0.0,0.0,0.0,1.0,1
ratio,10,8000,495.38201904296875,915.875,2555.7275390625,0.272125,0.3565,-8.42492771936849,0.05245833333333331,0.596625,0.858625,0.952125,10.471343994140625,-2.534856414794922,27.12057647705078,0.1655,0.66025,0
ratio,11,8000,482.3369140625,898.9658813476562,2506.02587890625,0.284625,0.364875,-8.378586566548847,0.05099999999999997,0.597125,0.855125,0.94925,34.46923828125,15.42403564453125,53.04311447143553,0.215625,0.550625,0
ratio,12,8000,452.50946044921875,874.919189453125,2437.780029296875,0.29475,0.38075,-8.3224145513776,0.047708333333333276,0.5925,0.84725,0.946625,34.2254638671875,14.684067535400391,54.34068298339843,0.237125,0.496,0
ratio,13,8000,431.7618408203125,862.9100952148438,2418.471923828125,0.30475,0.388875,-8.271657930317069,0.048374999999999946,0.59625,0.846,0.947125,51.62506103515625,33.01890411376953,70.29557342529297,0.254375,0.44525,0
ratio,14,8000,414.3541564941406,849.7936401367188,2418.0810546875,0.314875,0.39825,-8.23489559757798,0.04891666666666664,0.5965,0.846125,0.945875,63.495025634765625,46.091607666015626,82.19334030151364,0.264375,0.412,0
ratio,15,8000,388.0551452636719,835.593017578125,2398.602294921875,0.3245,0.406,-8.196645152498334,0.049333333333333305,0.59475,0.846125,0.942875,61.1678466796875,42.38448944091797,81.4281753540039,0.270375,0.384,0
ratio,16,8000,361.9881896972656,809.595458984375,2308.717529296875,0.335375,0.416875,-8.152352069382404,0.04774999999999996,0.593375,0.84,0.940125,41.694610595703125,25.188744354248048,58.85053634643555,0.30225,0.3465,0
ratio,17,8000,336.93206787109375,778.8965454101562,2262.848388671875,0.346375,0.433125,-8.109285789433534,0.045999999999999965,0.586875,0.836375,0.93525,28.214202880859375,11.919087982177734,44.42719802856445,0.3065,0.353625,0
ratio,18,8000,319.29266357421875,759.0567016601562,2199.55859375,0.358375,0.445375,-8.061901693609837,0.04641666666666663,0.584375,0.835125,0.93025,21.566436767578125,7.026658630371093,36.71924133300777,0.287625,0.396875,0
ratio,19,8000,291.6542663574219,739.6546020507812,2168.95947265625,0.371125,0.46,-8.01071533254347,0.047458333333333304,0.586375,0.833375,0.927375,18.05877685546875,3.824523162841797,32.441152954101554,0.27225,0.431875,0
ratio,20,8000,280.699462890625,727.1576538085938,2157.201416015625,0.38025,0.471875,-7.978475180398582,0.04704166666666665,0.58625,0.8305,0.925625,18.75054931640625,6.894526672363281,30.903956985473624,0.2455,0.492625,0
ratio,21,8000,270.62359619140625,721.6829833984375,2152.52001953125,0.386375,0.475375,-7.948925022368738,0.04712499999999994,0.584625,0.83,0.92325,15.3302001953125,4.3427589416503904,27.056195831298826,0.243875,0.49175,0
ratio,22,8000,263.1377868652344,714.4938354492188,2149.880126953125,0.396,0.47775,-7.9069762790785845,0.04783333333333332,0.58525,0.830625,0.922375,18.297882080078125,6.8513134002685545,27.769934463500938,0.234625,0.505125,0
ratio,23,8000,253.41261291503906,707.745361328125,2143.1142578125,0.403,0.485,-7.87688308592577,0.049124999999999974,0.587875,0.829875,0.920375,27.071685791015625,17.64742431640625,38.98119392395019,0.225625,0.508875,0
ratio,24,8000,241.50254821777344,696.059326171875,2112.115234375,0.40875,0.491125,-7.85350927025544,0.048333333333333305,0.584875,0.828,0.917875,32.97772216796875,23.627373123168944,45.591296005249006,0.221375,0.5165,0
ratio,25,8000,236.80630493164062,690.1001586914062,2102.118408203125,0.415625,0.495375,-7.832521376078165,0.04845833333333327,0.584375,0.827375,0.916375,33.087493896484375,22.175996017456054,43.22693443298339,0.21475,0.526375,0
ratio,26,8000,216.917724609375,676.7506103515625,2091.364013671875,0.426875,0.505625,-7.800334046791588,0.048166666666666656,0.58225,0.82525,0.913,19.44317626953125,11.886535263061523,31.325392532348626,0.1965,0.579,0
ratio,27,8000,201.19644165039062,651.9751586914062,2022.989501953125,0.43925,0.518375,-7.77884719300073,0.04829166666666662,0.581625,0.820375,0.907125,7.74005126953125,0.7135696411132812,14.675889968872067,0.168375,0.65,0
ratio,28,8000,194.7198486328125,643.9030151367188,1983.671142578125,0.4465,0.52425,-7.755488997619597,0.04908333333333329,0.58375,0.8185,0.905,5.8979034423828125,-0.15003585815429674,13.818247604370116,0.16825,0.647625,0
ratio,29,8000,178.04855346679688,628.5939331054688,1972.108642578125,0.462125,0.535875,-7.735487831208794,0.04958333333333328,0.581,0.81875,0.901,-4.6312408447265625,-8.845209121704102,1.2776206970214843,0.124125,0.75625,0
ratio,30,8000,175.426513671875,626.9481201171875,1966.4017333984375,0.465,0.541375,-7.718151087431573,0.049041666666666615,0.580125,0.816375,0.899375,0.0,-5.5373485565185545,4.899457931518544,0.158,0.676,0
purity,1,8000,1109.880126953125,1415.748779296875,3806.438720703125,0.108,0.10425,-9.434905304301864,0.01824999999999999,0.527125,0.820875,0.95675,0.0,0.0,0.0,0.0,1.0,1
purity,2,8000,982.6187744140625,1407.434814453125,3768.673095703125,0.124375,0.115875,-9.264284837334095,0.02979166666666666,0.545,0.832375,0.962,0.0,0.0,0.0,0.0,1.0,1
purity,3,8000,908.2577514648438,1315.7659912109375,3515.8935546875,0.166375,0.1765,-9.11039014777799,0.036125,0.557875,0.837625,0.962875,0.0,0.0,0.0,0.0,1.0,1
purity,4,8000,774.1275024414062,1239.8447265625,3410.6015625,0.182625,0.21675,-8.97389996349326,0.03829166666666665,0.564875,0.838625,0.961375,-62.41668701171875,-90.15904693603515,-30.42798004150392,0.220125,0.54175,0
purity,5,8000,707.7703247070312,1166.703125,3232.566162109375,0.20075,0.241625,-8.849821893186396,0.04466666666666667,0.572125,0.847625,0.96425,0.0,0.0,0.0,0.0,1.0,1
purity,6,8000,680.663818359375,1147.158447265625,3214.22509765625,0.21125,0.27025,-8.748242655618084,0.04712500000000001,0.58025,0.847375,0.96375,0.0,0.0,0.0,0.0,1.0,1
purity,7,8000,608.6903686523438,1010.9253540039062,2757.01416015625,0.229625,0.300875,-8.642149632500077,0.04999999999999997,0.591,0.851625,0.957375,0.0,0.0,0.0,0.0,1.0,1
purity,8,8000,562.119873046875,978.9181518554688,2719.937255859375,0.24975,0.326375,-8.55666961457086,0.050500000000000024,0.59225,0.852875,0.956375,0.0,0.0,0.0,0.0,1.0,1
purity,9,8000,522.0785522460938,945.247802734375,2668.418701171875,0.2635,0.34525,-8.46693145563024,0.05229166666666666,0.59775,0.85475,0.954375,0.0,0.0,0.0,0.0,1.0,1
purity,10,8000,489.07537841796875,908.3778076171875,2545.755126953125,0.275625,0.36325,-8.401700822576164,0.049166666666666616,0.596375,0.851,0.949875,4.164703369140625,-8.138268280029296,19.027040863037104,0.152375,0.688125,0
purity,11,8000,437.60986328125,860.2968139648438,2435.780517578125,0.291875,0.3855,-8.340634493788544,0.047749999999999994,0.59325,0.846875,0.946875,-10.2578125,-27.05356216430664,6.698129272460936,0.23425,0.54025,0
purity,12,8000,417.7524108886719,849.29638671875,2426.529052734375,0.303125,0.393875,-8.28206002795759,0.046999999999999965,0.5915,0.84275,0.94325,-0.531585693359375,-17.196804809570313,18.720511627197265,0.222375,0.552625,0
purity,13,8000,384.4347839355469,823.2902221679688,2388.913330078125,0.316125,0.411125,-8.217387237831957,0.04841666666666663,0.593125,0.842375,0.94025,4.298004150390625,-5.7923835754394535,16.404185485839825,0.154,0.68725,0
purity,14,8000,365.347412109375,806.3704833984375,2383.0107421875,0.32625,0.42075,-8.170684717251119,0.048166666666666656,0.58925,0.839,0.93375,14.48828125,3.5381072998046874,26.702449035644527,0.203,0.580375,0
purity,15,8000,342.97900390625,787.0186157226562,2347.02294921875,0.33725,0.429625,-8.123121263148107,0.04804166666666665,0.58825,0.836625,0.93075,16.091705322265625,4.089395904541016,25.385821533203107,0.137875,0.710875,0
purity,16,8000,328.7533874511719,773.3858642578125,2303.142578125,0.348625,0.438125,-8.084503300174118,0.0492083333333333,0.5875,0.83775,0.927625,8.459808349609375,-0.6771171569824218,19.863257598876952,0.147125,0.707625,0
purity,17,8000,303.66259765625,750.427734375,2257.623291015625,0.361875,0.453125,-8.049626776620082,0.04708333333333329,0.584625,0.833,0.926375,-5.055267333984375,-14.9029296875,7.594611358642569,0.210625,0.59,0
purity,18,8000,293.67340087890625,746.1165161132812,2275.937255859375,0.371375,0.461,-8.008434787282258,0.048666666666666636,0.587125,0.833625,0.92475,-4.052825927734375,-17.336849975585938,6.5380981445312445,0.206875,0.597625,0
purity,19,8000,270.9046630859375,723.3224487304688,2198.07861328125,0.38325,0.472125,-7.978963650634174,0.047624999999999994,0.585375,0.830875,0.923375,-2.690826416015625,-14.348738098144532,7.337359619140618,0.207625,0.597625,0
purity,20,8000,255.1411590576172,705.6354370117188,2161.46337890625,0.394625,0.48475,-7.949331934075169,0.04862499999999995,0.584125,0.828375,0.916625,-6.8077545166015625,-16.196670532226562,1.4571197509765619,0.20725,0.602875,0
purity,21,8000,241.82098388671875,692.661376953125,2122.2705078125,0.405375,0.491625,-7.922334628211189,0.04858333333333331,0.58525,0.8265,0.916,-13.472412109375,-22.945243072509765,-4.413981246948248,0.211,0.602,0
purity,22,8000,238.59323120117188,689.97412109375,2109.16748046875,0.4095,0.494375,-7.882087246567713,0.050624999999999955,0.58825,0.828,0.914375,-6.246673583984375,-15.877397918701172,1.7390022277832025,0.19375,0.626,0
purity,23,8000,219.87451171875,667.067138671875,2011.420654296875,0.42375,0.50375,-7.851350786130299,0.04837499999999998,0.580875,0.82375,0.9095,-6.4664154052734375,-13.39798583984375,1.702938842773437,0.133625,0.741375,0
purity,24,8000,209.07823181152344,655.912353515625,1960.6805419921875,0.431625,0.51225,-7.831550972013616,0.04849999999999999,0.5795,0.823625,0.907625,0.55340576171875,-5.213262557983398,7.321247863769529,0.1345,0.740375,0
purity,25,8000,201.5381622314453,649.9008178710938,1995.3958740234375,0.44,0.51625,-7.806370741131566,0.049624999999999996,0.58125,0.823125,0.9055,-2.1806488037109375,-8.21851463317871,3.017106246948239,0.1275,0.7555,0
purity,26,8000,199.92381286621094,648.0382080078125,1985.325927734375,0.44025,0.51875,-7.7924353738346746,0.04854166666666667,0.578875,0.820875,0.904125,2.4492645263671875,-1.4314891815185546,9.076246643066405,0.112375,0.773375,0
purity,27,8000,193.45639038085938,643.0106201171875,1986.8377685546875,0.4455,0.52175,-7.7704418297107525,0.048958333333333326,0.581125,0.818875,0.903125,0.0,0.0,0.0,0.0,1.0,1
purity,28,8000,182.67979431152344,631.7322387695312,1960.5631103515625,0.456625,0.531125,-7.7541953492394295,0.04854166666666667,0.577625,0.81725,0.89925,-6.14215087890625,-10.913444900512696,-0.1349857330322292,0.119,0.769,0
purity,29,8000,177.97323608398438,627.0296020507812,1934.7491455078125,0.460125,0.534625,-7.736786783255048,0.04749999999999995,0.576,0.81425,0.89775,-4.7065582275390625,-8.910974502563477,1.7331146240234363,0.117,0.773625,0
purity,30,8000,171.45802307128906,612.312255859375,1910.6279296875,0.46775,0.544125,-7.734896453778876,0.047749999999999994,0.57625,0.812625,0.895625,-3.9684906005859375,-8.998109436035156,1.3736347198486254,0.1635,0.682375,0
net,1,8000,1109.880126953125,1415.748779296875,3806.438720703125,0.108,0.10425,-9.434905304301864,0.01824999999999999,0.527125,0.820875,0.95675,0.0,0.0,0.0,0.0,1.0,1
net,2,8000,982.6187744140625,1407.434814453125,3768.673095703125,0.124375,0.115875,-9.264284837334095,0.02979166666666666,0.545,0.832375,0.962,0.0,0.0,0.0,0.0,1.0,1
net,3,8000,908.2577514648438,1315.7659912109375,3515.8935546875,0.166375,0.1765,-9.11039014777799,0.036125,0.557875,0.837625,0.962875,0.0,0.0,0.0,0.0,1.0,1
net,4,8000,774.1275024414062,1239.8447265625,3410.6015625,0.182625,0.21675,-8.97389996349326,0.03829166666666665,0.564875,0.838625,0.961375,-62.41668701171875,-90.15904693603515,-30.42798004150392,0.220125,0.54175,0
net,5,8000,711.18408203125,1190.8349609375,3309.920166015625,0.19225,0.24825,-8.867097681729145,0.042666666666666665,0.57425,0.843375,0.960375,3.41375732421875,-20.76592254638672,24.796986389160153,0.22875,0.504875,0
net,6,8000,680.663818359375,1147.158447265625,3214.22509765625,0.21125,0.27025,-8.748242654497625,0.04712500000000001,0.58025,0.847375,0.96375,0.0,0.0,0.0,0.0,1.0,1
net,7,8000,608.6903686523438,1010.9253540039062,2757.01416015625,0.229625,0.300875,-8.642149634071163,0.04999999999999997,0.591,0.851625,0.957375,0.0,0.0,0.0,0.0,1.0,1
net,8,8000,562.119873046875,978.9181518554688,2719.937255859375,0.24975,0.326375,-8.556669616084784,0.050500000000000024,0.59225,0.852875,0.956375,0.0,0.0,0.0,0.0,1.0,1
net,9,8000,522.0785522460938,945.247802734375,2668.418701171875,0.2635,0.34525,-8.466931458410741,0.05229166666666666,0.59775,0.85475,0.954375,0.0,0.0,0.0,0.0,1.0,1
net,10,8000,489.07537841796875,908.3778076171875,2545.755126953125,0.275625,0.36325,-8.401700824559583,0.049166666666666616,0.596375,0.851,0.949875,4.164703369140625,-8.138268280029296,19.027040863037104,0.152375,0.688125,0
net,11,8000,437.60986328125,860.2968139648438,2435.780517578125,0.291875,0.3855,-8.340634497525908,0.047749999999999994,0.59325,0.846875,0.946875,-10.2578125,-27.05356216430664,6.698129272460936,0.23425,0.54025,0
net,12,8000,426.88348388671875,850.8412475585938,2412.20703125,0.30175,0.39225,-8.301673251993359,0.04762499999999995,0.592375,0.844,0.9435,8.5994873046875,-8.355244445800782,28.65074920654296,0.256875,0.486125,0
net,13,8000,404.13592529296875,831.3221435546875,2364.902587890625,0.315,0.401125,-8.252269815856119,0.04829166666666662,0.592625,0.844125,0.941875,23.9991455078125,7.117220306396485,40.435414123535125,0.23575,0.508375,0
net,14,8000,396.7006530761719,832.8748168945312,2387.220947265625,0.318875,0.406125,-8.220186566176169,0.046999999999999965,0.591,0.841875,0.941875,45.841522216796875,28.47261962890625,62.186549377441374,0.246625,0.459125,0
net,15,8000,381.9855651855469,818.93115234375,2368.37890625,0.3255,0.410875,-8.18619252350882,0.04741666666666663,0.591625,0.841375,0.94075,55.0982666015625,37.09170074462891,70.38596115112304,0.2605,0.424375,0
net,16,8000,351.8048095703125,788.2258911132812,2286.865478515625,0.339125,0.42675,-8.14290302028442,0.04604166666666665,0.589875,0.836125,0.937875,31.51123046875,14.322615814208984,45.498707580566396,0.293375,0.38775,0
net,17,8000,336.93206787109375,778.8965454101562,2262.848388671875,0.346375,0.433125,-8.109285779668623,0.045999999999999965,0.586875,0.836375,0.93525,28.214202880859375,11.919087982177734,44.42719802856445,0.3065,0.353625,0
net,18,8000,319.29266357421875,759.0567016601562,2199.55859375,0.358375,0.445375,-8.061901686039644,0.04641666666666663,0.584375,0.835125,0.93025,21.566436767578125,7.026658630371093,36.71924133300777,0.287625,0.396875,0
net,19,8000,304.30767822265625,748.9237670898438,2190.432861328125,0.368125,0.45375,-8.027241959746169,0.047333333333333304,0.5845,0.8345,0.927,30.712188720703125,14.245674133300781,44.42799530029296,0.27175,0.431125,0
net,20,8000,295.4679260253906,740.7199096679688,2164.981201171875,0.372875,0.459375,-7.99577249658501,0.046291666666666655,0.58325,0.831875,0.92625,33.519012451171875,18.868586349487305,47.33564758300781,0.262,0.43725,0
net,21,8000,280.4219055175781,728.635498046875,2153.07568359375,0.38375,0.466875,-7.962694941418178,0.04758333333333331,0.584125,0.83125,0.922625,25.128509521484375,12.424054718017578,38.01300926208496,0.266,0.443125,0
net,22,8000,266.3135070800781,720.9619750976562,2136.49365234375,0.393375,0.4725,-7.919646933032322,0.04841666666666666,0.587125,0.83125,0.923125,21.473602294921875,9.762146759033204,33.819327926635744,0.237375,0.49775,0
net,23,8000,256.44561767578125,709.8607788085938,2104.44287109375,0.3975,0.479,-7.8943501357212575,0.04974999999999996,0.589,0.82975,0.9195,30.104690551757812,21.0037899017334,44.30945739746094,0.246875,0.463875,0
net,24,8000,241.50254821777344,696.059326171875,2112.115234375,0.40875,0.491125,-7.853509260272292,0.048333333333333305,0.584875,0.828,0.917875,32.97772216796875,23.627373123168944,45.591296005249006,0.221375,0.5165,0
net,25,8000,236.80630493164062,690.1001586914062,2102.118408203125,0.415625,0.495375,-7.832521363930239,0.04845833333333327,0.584375,0.827375,0.916375,33.087493896484375,22.175996017456054,43.22693443298339,0.21475,0.526375,0
net,26,8000,212.71823120117188,664.2781982421875,2027.322509765625,0.432,0.512875,-7.807727047640519,0.04904166666666665,0.585,0.82225,0.910125,15.243682861328125,8.080292892456054,25.94880332946776,0.202,0.56875,0
net,27,8000,207.7703857421875,657.5887451171875,2020.9727783203125,0.43725,0.518875,-7.802460381403956,0.04808333333333329,0.581625,0.81975,0.907125,14.313995361328125,6.259258270263672,21.599359893798827,0.201,0.57425,0
net,28,8000,202.17864990234375,649.568603515625,1996.3634033203125,0.4415,0.524375,-7.7885097960633685,0.04858333333333331,0.5825,0.818875,0.905625,13.356704711914062,7.0469409942626955,22.283708190917963,0.18775,0.595125,0
net,29,8000,199.32046508789062,648.557861328125,1986.7705078125,0.443,0.524625,-7.768962013837895,0.04849999999999995,0.58275,0.816125,0.903375,16.640670776367188,9.615789031982422,25.346015167236327,0.2075,0.555,0
net,30,8000,194.5835723876953,642.9171142578125,1975.916259765625,0.449,0.528,-7.756854337835567,0.04958333333333331,0.58325,0.816375,0.900875,19.157058715820312,10.38381462097168,26.059647369384763,0.2245,0.520875,0
mi+rho_q,1,8000,1109.880126953125,1415.748779296875,3806.438720703125,0.108,0.10425,-9.434905304301864,0.01824999999999999,0.527125,0.820875,0.95675,0.0,0.0,0.0,0.0,1.0,1
mi+rho_q,2,8000,963.4110107421875,1384.1727294921875,3807.2763671875,0.1225,0.111375,-9.29833767996082,0.03258333333333333,0.55,0.835,0.96275,-19.207763671875,-33.03235626220703,-6.406091308593751,0.027875,0.958125,0
mi+rho_q,3,8000,1041.779052734375,1394.3778076171875,3640.63427734375,0.1495,0.148625,-9.192659904915475,0.042541666666666665,0.5675,0.844625,0.9655,133.52130126953125,110.3569564819336,162.55768585205078,0.08275,0.765125,0
mi+rho_q,4,8000,968.9068603515625,1341.5855712890625,3598.828125,0.163875,0.173625,-9.120479815194088,0.051708333333333356,0.580875,0.855375,0.968875,132.3626708984375,111.93079376220703,159.79761505126953,0.094875,0.729375,0
mi+rho_q,5,8000,871.6751708984375,1287.170654296875,3523.8017578125,0.171625,0.193625,-9.045059722201978,0.05833333333333335,0.591875,0.862625,0.9705,163.90484619140625,139.41854858398438,188.3632858276367,0.106,0.70875,0
mi+rho_q,6,8000,853.2356567382812,1270.5322265625,3492.345458984375,0.1755,0.215875,-8.99639180678419,0.06341666666666668,0.602125,0.866125,0.972,172.57183837890625,149.41870574951173,196.98503875732422,0.12225,0.66925,0
mi+rho_q,7,8000,825.22607421875,1224.06005859375,3310.9599609375,0.177875,0.2265,-8.947374278294618,0.07012499999999999,0.616625,0.871875,0.971875,216.53570556640625,191.63443450927736,243.48809967041012,0.126,0.600125,0
mi+rho_q,8,8000,798.7356567382812,1191.6827392578125,3204.798828125,0.189375,0.24025,-8.913870201444828,0.07354166666666666,0.62375,0.874625,0.97225,236.61578369140625,206.17987518310548,260.2462463378906,0.13975,0.5395,0
mi+rho_q,9,8000,782.721435546875,1187.705810546875,3246.537353515625,0.189875,0.242375,-8.88497885833591,0.07708333333333335,0.629625,0.878125,0.9735,260.64288330078125,239.0213768005371,292.32930526733395,0.1405,0.511,0
mi+rho_q,10,8000,803.5426025390625,1209.49169921875,3409.355712890625,0.189125,0.239125,-8.878204073089895,0.08145833333333334,0.636375,0.883875,0.974125,318.6319274902344,290.67592849731443,347.2293968200683,0.14975,0.4495,0
mi+rho_q,11,8000,823.44580078125,1225.822509765625,3439.05126953125,0.184375,0.230125,-8.880652251434867,0.08275000000000003,0.63875,0.886,0.9735,375.578125,347.88412017822264,409.052668762207,0.165375,0.396,0
mi+rho_q,12,8000,847.355712890625,1238.2557373046875,3439.05126953125,0.181625,0.225375,-8.870159465013133,0.08479166666666667,0.641,0.88775,0.975625,429.07171630859375,396.8968475341797,458.66706771850585,0.157,0.369,0
mi+rho_q,13,8000,750.51220703125,1161.6773681640625,3153.941650390625,0.187625,0.2405,-8.854951407025693,0.08762500000000002,0.647375,0.889125,0.976375,370.37542724609375,340.14460678100585,399.2264579772949,0.170625,0.3475,0
mi+rho_q,14,8000,817.7489013671875,1207.14453125,3395.342529296875,0.175125,0.221125,-8.880091447109411,0.08650000000000002,0.64375,0.889125,0.976625,466.8897705078125,438.7526626586914,498.9068618774414,0.17,0.297375,0
mi+rho_q,15,8000,825.42578125,1228.3907470703125,3484.779052734375,0.1725,0.216625,-8.874527716737314,0.08600000000000001,0.64225,0.889625,0.976125,498.5384826660156,467.4846382141113,529.2374557495117,0.17175,0.27725,0
mi+rho_q,16,8000,847.9517822265625,1240.2947998046875,3489.277587890625,0.171125,0.214625,-8.872436345393444,0.08729166666666661,0.6445,0.891125,0.97625,527.658203125,493.8284278869629,554.4193801879883,0.17,0.2595,0
mi+rho_q,17,8000,858.2281494140625,1252.9014892578125,3516.513427734375,0.17175,0.21075,-8.866842501873688,0.08883333333333336,0.647,0.89275,0.97675,549.51025390625,518.7613479614258,577.369563293457,0.16925,0.24325,0
mi+rho_q,18,8000,864.1996459960938,1256.85546875,3525.9541015625,0.17,0.210125,-8.85214728926554,0.09083333333333332,0.65025,0.896,0.97625,566.473388671875,535.7518463134766,591.7874267578125,0.166625,0.237,0
mi+rho_q,19,8000,866.1573486328125,1259.3642578125,3539.721435546875,0.171,0.210375,-8.848946072208328,0.09095833333333332,0.651,0.89525,0.976625,592.5618896484375,561.8313461303711,616.711782836914,0.1655,0.22275,0
mi+rho_q,20,8000,870.1492919921875,1251.62353515625,3487.501220703125,0.170625,0.208875,-8.84574595776938,0.09116666666666666,0.651,0.89525,0.97725,608.2003784179688,580.7852355957032,638.1200225830078,0.165375,0.214,0
mi+rho_q,21,8000,890.9060668945312,1269.394287109375,3521.18505859375,0.17375,0.211375,-8.833675473507247,0.092625,0.653625,0.897,0.97725,635.6126708984375,609.9299102783203,668.505110168457,0.1615,0.211125,0
mi+rho_q,22,8000,901.0792236328125,1277.3929443359375,3527.8203125,0.173625,0.211,-8.827362339195608,0.09379166666666668,0.65625,0.898,0.977125,656.2393188476562,627.1089447021484,690.3345504760742,0.16,0.201,0
mi+rho_q,23,8000,870.930908203125,1245.895263671875,3489.277587890625,0.176875,0.21775,-8.826354289617928,0.09404166666666665,0.656,0.8995,0.976625,644.5899658203125,618.0833053588867,672.0223419189452,0.162,0.191625,0
mi+rho_q,24,8000,879.2235107421875,1247.462158203125,3474.557373046875,0.1825,0.22475,-8.81830524511788,0.09420833333333334,0.656125,0.89975,0.97675,670.6986694335938,643.1062637329102,700.6377380371093,0.158625,0.192375,0
mi+rho_q,25,8000,872.911376953125,1243.2237548828125,3473.1123046875,0.183625,0.225375,-8.80763455740393,0.09579166666666668,0.660375,0.9005,0.9765,669.1925659179688,641.1826446533203,697.2190643310547,0.15925,0.188625,0
mi+rho_q,26,8000,853.2356567382812,1227.963623046875,3453.848388671875,0.18525,0.228375,-8.802821615659076,0.09537499999999999,0.659125,0.9005,0.9765,655.7611083984375,624.8333923339844,683.6422790527344,0.16075,0.181375,0
mi+rho_q,27,8000,861.435302734375,1233.428955078125,3471.35791015625,0.186125,0.227875,-8.795295902569823,0.09633333333333334,0.66025,0.902375,0.976375,667.9788818359375,635.4917877197265,692.0122589111328,0.16175,0.178875,0
mi+rho_q,28,8000,865.07763671875,1241.989990234375,3499.110595703125,0.187125,0.22775,-8.789837214239055,0.09625000000000002,0.661,0.901,0.97675,676.2556762695312,643.9429901123046,703.6949401855469,0.158875,0.176875,0
mi+rho_q,29,8000,867.8504638671875,1243.448486328125,3490.17138671875,0.187875,0.2275,-8.78382138818646,0.09683333333333333,0.662375,0.900875,0.97725,685.170654296875,655.4290176391602,712.3633209228516,0.161,0.173125,0
mi+rho_q,30,8000,874.3313598632812,1253.8426513671875,3516.513427734375,0.186125,0.225125,-8.790072864599098,0.09595833333333333,0.66075,0.900375,0.97675,698.9048461914062,671.0241195678711,726.5015213012695,0.158625,0.169,0
mi+rho=0.177,1,8000,1109.880126953125,1415.748779296875,3806.438720703125,0.108,0.10425,-9.434905304301864,0.01824999999999999,0.527125,0.820875,0.95675,0.0,0.0,0.0,0.0,1.0,1
mi+rho=0.177,2,8000,963.4110107421875,1384.1727294921875,3807.2763671875,0.1225,0.111375,-9.2989097554771,0.03258333333333333,0.549875,0.835125,0.96275,-19.207763671875,-33.03235626220703,-6.406091308593751,0.027875,0.958125,0
mi+rho=0.177,3,8000,1040.525634765625,1394.3905029296875,3647.37646484375,0.1495,0.148875,-9.198591100401392,0.0425416666666667,0.56825,0.843875,0.9655,132.26788330078125,109.73004455566407,161.62279052734374,0.091125,0.75225,0
mi+rho=0.177,4,8000,974.0716552734375,1344.3685302734375,3602.259521484375,0.163,0.172875,-9.126255034679474,0.05183333333333332,0.5805,0.856,0.969,137.5274658203125,113.81899566650391,162.3355941772461,0.095625,0.72325,0
mi+rho=0.177,5,8000,882.3048095703125,1297.2359619140625,3533.965576171875,0.16875,0.1895,-9.063454011960122,0.058250000000000024,0.590875,0.863375,0.9705,174.53448486328125,150.59990234375,200.85590209960938,0.11075,0.690125,0
mi+rho=0.177,6,8000,880.0704956054688,1300.135498046875,3555.21337890625,0.16975,0.205125,-9.02716592464436,0.06299999999999999,0.6005,0.866875,0.971625,199.40667724609375,177.8455368041992,229.79876403808592,0.130875,0.638375,0
mi+rho=0.177,7,8000,865.121826171875,1252.8265380859375,3429.858154296875,0.1735,0.219125,-8.98874819075285,0.06933333333333336,0.614125,0.872,0.971875,256.43145751953125,230.0482620239258,280.1553588867188,0.133625,0.5685,0
mi+rho=0.177,8,8000,837.4339599609375,1231.595458984375,3397.9814453125,0.180625,0.226125,-8.966252140468876,0.0716666666666667,0.61875,0.874125,0.972125,275.3140869140625,248.03058166503905,300.73795776367183,0.144625,0.500625,0
mi+rho=0.177,9,8000,833.0269775390625,1229.9949951171875,3427.3310546875,0.17925,0.22575,-8.94199194354372,0.07533333333333332,0.625375,0.877375,0.97325,310.94842529296875,284.8211944580078,340.69267578125,0.14375,0.471125,0
mi+rho=0.177,10,8000,853.606689453125,1246.89599609375,3466.966552734375,0.17925,0.22375,-8.92370700390639,0.07900000000000003,0.631375,0.882125,0.9735,368.6960144042969,340.9965850830078,399.98746795654296,0.152375,0.418375,0
mi+rho=0.177,11,8000,859.348876953125,1253.9949951171875,3484.284912109375,0.177625,0.21925,-8.911501601022543,0.08091666666666668,0.635125,0.884375,0.97325,411.481201171875,380.9223266601563,439.50607223510735,0.16475,0.379125,0
mi+rho=0.177,12,8000,878.0159912109375,1263.15869140625,3481.671142578125,0.174,0.21475,-8.89930978173681,0.08258333333333334,0.636625,0.88625,0.974875,459.73199462890625,431.5183906555176,490.2426567077637,0.15675,0.353125,0
mi+rho=0.177,13,8000,799.5545043945312,1203.125244140625,3310.9599609375,0.17975,0.22775,-8.886168349542011,0.08570833333333332,0.643625,0.887875,0.975625,419.417724609375,388.247575378418,449.66345138549804,0.1675,0.328,0
mi+rho=0.177,14,8000,810.943603515625,1202.1689453125,3364.197265625,0.176375,0.22325,-8.873505788805868,0.08691666666666668,0.644375,0.88975,0.976625,460.08447265625,430.5981269836426,490.52810745239253,0.169375,0.3015,0
mi+rho=0.177,15,8000,805.4515991210938,1210.21484375,3454.9306640625,0.176875,0.223125,-8.858958557986316,0.08729166666666666,0.64525,0.890375,0.97625,478.5643005371094,443.9351058959961,507.04087600708,0.17325,0.283625,0
mi+rho=0.177,16,8000,821.4181518554688,1220.4124755859375,3466.966552734375,0.17475,0.22075,-8.855614973019208,0.08900000000000001,0.649,0.89175,0.97625,501.12457275390625,471.27817611694337,533.7862167358398,0.1715,0.26575,0
mi+rho=0.177,17,8000,837.682861328125,1235.27294921875,3486.484619140625,0.175125,0.21675,-8.848625269031071,0.08975,0.649125,0.89325,0.976875,528.9649658203125,498.5712547302246,561.2601593017578,0.171,0.24925,0
mi+rho=0.177,18,8000,853.606689453125,1247.4210205078125,3512.283447265625,0.172,0.2135,-8.844487474278449,0.09125000000000001,0.651375,0.895875,0.9765,555.8804931640625,525.8376724243165,584.1686218261718,0.166875,0.240375,0
mi+rho=0.177,19,8000,858.2281494140625,1252.10546875,3529.811767578125,0.172875,0.213375,-8.84209424446591,0.09116666666666669,0.651375,0.89525,0.976875,584.6326904296875,552.0359573364258,608.2703659057617,0.166375,0.225,0
mi+rho=0.177,20,8000,863.63671875,1241.91162109375,3475.742431640625,0.173375,0.21275,-8.834797171066405,0.09245833333333335,0.653375,0.896125,0.977875,601.6878051757812,568.1464065551758,628.6558654785156,0.166,0.21775,0
mi+rho=0.177,21,8000,889.8954467773438,1268.421875,3521.18505859375,0.174125,0.21175,-8.832561901836167,0.09274999999999996,0.653875,0.897125,0.97725,634.60205078125,608.1060195922852,665.7755264282226,0.161375,0.2115,0
mi+rho=0.177,22,8000,904.63671875,1280.7454833984375,3535.0009765625,0.17275,0.209875,-8.829918625715258,0.09362500000000003,0.65575,0.898,0.977125,659.7968139648438,629.0825393676757,695.7013870239258,0.16,0.199875,0
mi+rho=0.177,23,8000,870.930908203125,1245.717041015625,3489.277587890625,0.177,0.217875,-8.825820388693613,0.09404166666666665,0.656,0.8995,0.976625,644.5899658203125,618.0833053588867,672.0223419189452,0.162125,0.191625,0
mi+rho=0.177,24,8000,887.9278564453125,1258.47607421875,3486.373779296875,0.179875,0.221,-8.825967143865732,0.09400000000000004,0.655375,0.89975,0.976875,679.4030151367188,652.762890625,710.1852828979492,0.15775,0.189,0
mi+rho=0.177,25,8000,889.7437133789062,1259.500244140625,3494.42333984375,0.179625,0.219375,-8.823573112555302,0.09475,0.657375,0.90025,0.976625,686.02490234375,657.7756072998047,716.793849182129,0.157125,0.184125,0
mi+rho=0.177,26,8000,874.82958984375,1251.678955078125,3497.00830078125,0.179875,0.21925,-8.82455558762457,0.09429166666666666,0.6565,0.9,0.976375,677.3550415039062,652.459115600586,706.8924545288086,0.160625,0.173,0
mi+rho=0.177,27,8000,889.8954467773438,1264.2333984375,3521.18505859375,0.179625,0.217375,-8.823772278586832,0.09454166666666663,0.65725,0.900125,0.97625,696.4390869140625,670.2098281860351,727.9349731445312,0.1615,0.169375,0
mi+rho=0.177,28,8000,907.7490234375,1280.1895751953125,3539.721435546875,0.1785,0.214375,-8.822198852059316,0.09383333333333332,0.655875,0.899,0.976625,718.9270629882812,689.5319610595703,753.7479385375976,0.156375,0.16625,0
mi+rho=0.177,29,8000,913.0654296875,1286.4605712890625,3551.830322265625,0.1785,0.212375,-8.81995844134242,0.09399999999999997,0.656125,0.898625,0.97725,730.3856201171875,700.1201217651367,767.4605819702149,0.156,0.164125,0
mi+rho=0.177,30,8000,908.3331909179688,1283.2445068359375,3552.94091796875,0.17775,0.21425,-8.817357174034145,0.09445833333333331,0.6575,0.8985,0.977375,732.9066772460938,704.5004959106445,766.8126358032226,0.154375,0.160125,0
