rake,sigma,gamma,alpha,logloss,r_pop,r_soda,r_coke,modal
0,2.0,1.0,0.0,0.91286,0.7813,0.6777,0.8150,0.8590
0,2.0,1.0,0.02,0.89237,0.7877,0.6908,0.8171,0.8588
0,2.0,1.0,0.05,0.88959,0.7928,0.7002,0.8182,0.8596
0,2.0,1.0,0.15,0.89019,0.8001,0.7164,0.8195,0.8593
0,2.0,1.5,0.0,0.82096,0.7878,0.7152,0.8243,0.8812
0,2.0,1.5,0.02,0.78393,0.7993,0.7279,0.8231,0.8819
0,2.0,1.5,0.05,0.77920,0.8034,0.7321,0.8217,0.8829
0,2.0,1.5,0.15,0.77756,0.8034,0.7337,0.8154,0.8796
0,2.0,2.0,0.0,0.81184,0.7885,0.7225,0.8242,0.8850
0,2.0,2.0,0.02,0.75668,0.8037,0.7193,0.8151,0.8844
0,2.0,2.0,0.05,0.75162,0.8020,0.7116,0.8064,0.8820
0,2.0,2.0,0.15,0.75085,0.7876,0.6954,0.7837,0.8642
0,2.0,2.5,0.0,0.84332,0.7871,0.7208,0.8210,0.8863
0,2.0,2.5,0.02,0.77094,0.7944,0.6773,0.7900,0.8790
0,2.0,2.5,0.05,0.76763,0.7809,0.6579,0.7658,0.8622
0,2.0,2.5,0.15,0.77199,0.7493,0.6291,0.7195,0.8477
0,2.0,3.0,0.0,0.89557,0.7849,0.7162,0.8167,0.8859
0,2.0,3.0,0.02,0.81001,0.7658,0.6170,0.7402,0.8581
0,2.0,3.0,0.05,0.81168,0.7398,0.5902,0.6979,0.8468
0,2.0,3.0,0.15,0.82679,0.6942,0.5536,0.6312,0.8112
0,3.0,1.0,0.0,0.89336,0.8057,0.7110,0.8353,0.8678
0,3.0,1.0,0.02,0.88205,0.8103,0.7223,0.8377,0.8686
0,3.0,1.0,0.05,0.88089,0.8140,0.7311,0.8388,0.8688
0,3.0,1.0,0.15,0.88366,0.8187,0.7452,0.8396,0.8674
0,3.0,1.5,0.0,0.79371,0.8109,0.7436,0.8453,0.8813
0,3.0,1.5,0.02,0.76996,0.8193,0.7555,0.8453,0.8823
0,3.0,1.5,0.05,0.76693,0.8218,0.7584,0.8440,0.8840
0,3.0,1.5,0.15,0.76745,0.8191,0.7564,0.8377,0.8790
0,3.0,2.0,0.0,0.78246,0.8112,0.7488,0.8467,0.8832
0,3.0,2.0,0.02,0.74355,0.8214,0.7438,0.8401,0.8834
0,3.0,2.0,0.05,0.74017,0.8178,0.7333,0.8317,0.8833
0,3.0,2.0,0.15,0.74147,0.8015,0.7135,0.8093,0.8693
0,3.0,2.5,0.0,0.81382,0.8098,0.7457,0.8450,0.8849
0,3.0,2.5,0.02,0.76059,0.8093,0.6971,0.8183,0.8780
0,3.0,2.5,0.05,0.75882,0.7946,0.6752,0.7946,0.8689
0,3.0,2.5,0.15,0.76530,0.7626,0.6436,0.7474,0.8425
0,3.0,3.0,0.0,0.86669,0.8076,0.7404,0.8421,0.8872
0,3.0,3.0,0.02,0.80306,0.7788,0.6329,0.7716,0.8654
0,3.0,3.0,0.05,0.80630,0.7529,0.6039,0.7284,0.8441
0,3.0,3.0,0.15,0.82413,0.7069,0.5645,0.6592,0.8068
0,4.0,1.0,0.0,0.88040,0.8259,0.7412,0.8505,0.8766
0,4.0,1.0,0.02,0.87409,0.8289,0.7502,0.8530,0.8698
0,4.0,1.0,0.05,0.87406,0.8313,0.7576,0.8541,0.8698
0,4.0,1.0,0.15,0.87849,0.8333,0.7688,0.8546,0.8689
0,4.0,1.5,0.0,0.77477,0.8302,0.7679,0.8611,0.8886
0,4.0,1.5,0.02,0.75885,0.8359,0.7779,0.8619,0.8894
0,4.0,1.5,0.05,0.75715,0.8369,0.7793,0.8607,0.8819
0,4.0,1.5,0.15,0.75944,0.8316,0.7742,0.8546,0.8807
0,4.0,2.0,0.0,0.76093,0.8306,0.7712,0.8634,0.8924
0,4.0,2.0,0.02,0.73330,0.8364,0.7638,0.8590,0.8926
0,4.0,2.0,0.05,0.73124,0.8309,0.7509,0.8515,0.8824
0,4.0,2.0,0.15,0.73427,0.8130,0.7284,0.8299,0.8734
0,4.0,2.5,0.0,0.79197,0.8293,0.7674,0.8628,0.8936
0,4.0,2.5,0.02,0.75270,0.8220,0.7141,0.8410,0.8872
0,4.0,2.5,0.05,0.75212,0.8064,0.6906,0.8186,0.8680
0,4.0,2.5,0.15,0.76038,0.7745,0.6573,0.7723,0.8486
0,4.0,3.0,0.0,0.84573,0.8273,0.7619,0.8610,0.8945
0,4.0,3.0,0.02,0.79779,0.7902,0.6483,0.7988,0.8716
0,4.0,3.0,0.05,0.80219,0.7649,0.6182,0.7563,0.8478
0,4.0,3.0,0.15,0.82237,0.7199,0.5772,0.6877,0.8072
0,6.0,1.0,0.0,0.86804,0.8508,0.7833,0.8675,0.8794
0,6.0,1.0,0.02,0.86647,0.8515,0.7886,0.8693,0.8792
0,6.0,1.0,0.05,0.86777,0.8519,0.7932,0.8707,0.8790
0,6.0,1.0,0.15,0.87436,0.8502,0.7991,0.8713,0.8815
0,6.0,1.5,0.0,0.75383,0.8562,0.8006,0.8792,0.8947
0,6.0,1.5,0.02,0.74650,0.8574,0.8067,0.8807,0.8950
0,6.0,1.5,0.05,0.74644,0.8557,0.8055,0.8799,0.8945
0,6.0,1.5,0.15,0.75112,0.8468,0.7960,0.8741,0.8944
0,6.0,2.0,0.0,0.73697,0.8581,0.8015,0.8827,0.8989
0,6.0,2.0,0.02,0.72154,0.8558,0.7899,0.8804,0.8977
0,6.0,2.0,0.05,0.72118,0.8476,0.7742,0.8740,0.8938
0,6.0,2.0,0.15,0.72664,0.8277,0.7490,0.8544,0.8846
0,6.0,2.5,0.0,0.76745,0.8579,0.7971,0.8831,0.8997
0,6.0,2.5,0.02,0.74344,0.8388,0.7389,0.8671,0.8903
0,6.0,2.5,0.05,0.74437,0.8223,0.7143,0.8475,0.8823
0,6.0,2.5,0.15,0.75500,0.7915,0.6805,0.8059,0.8603
0,6.0,3.0,0.0,0.82171,0.8566,0.7915,0.8822,0.8994
0,6.0,3.0,0.02,0.79120,0.8067,0.6746,0.8328,0.8782
0,6.0,3.0,0.05,0.79669,0.7829,0.6446,0.7952,0.8624
0,6.0,3.0,0.15,0.81954,0.7412,0.6037,0.7329,0.8255
0,8.0,1.0,0.0,0.86728,0.8605,0.8011,0.8743,0.8929
0,8.0,1.0,0.02,0.86753,0.8605,0.8045,0.8757,0.8936
0,8.0,1.0,0.05,0.86954,0.8601,0.8075,0.8769,0.8943
0,8.0,1.0,0.15,0.87738,0.8568,0.8105,0.8776,0.8961
0,8.0,1.5,0.0,0.74778,0.8679,0.8134,0.8857,0.9099
0,8.0,1.5,0.02,0.74415,0.8675,0.8179,0.8872,0.9102
0,8.0,1.5,0.05,0.74493,0.8645,0.8160,0.8870,0.9102
0,8.0,1.5,0.15,0.75101,0.8539,0.8050,0.8819,0.9086
0,8.0,2.0,0.0,0.72796,0.8714,0.8132,0.8893,0.9128
0,8.0,2.0,0.02,0.71826,0.8656,0.8025,0.8889,0.9118
0,8.0,2.0,0.05,0.71879,0.8561,0.7867,0.8835,0.9083
0,8.0,2.0,0.15,0.72577,0.8356,0.7609,0.8651,0.8973
0,8.0,2.5,0.0,0.75688,0.8723,0.8085,0.8900,0.9147
0,8.0,2.5,0.02,0.74031,0.8482,0.7549,0.8784,0.9048
0,8.0,2.5,0.05,0.74207,0.8314,0.7304,0.8603,0.8969
0,8.0,2.5,0.15,0.75404,0.8019,0.6978,0.8237,0.8722
0,8.0,3.0,0.0,0.81094,0.8715,0.8028,0.8894,0.9154
0,8.0,3.0,0.02,0.78845,0.8170,0.6942,0.8482,0.8912
0,8.0,3.0,0.05,0.79422,0.7947,0.6660,0.8161,0.8788
0,8.0,3.0,0.15,0.81793,0.7556,0.6272,0.7629,0.8419
1,2.0,1.0,0.0,0.78195,0.8309,0.7412,0.8461,0.9009
1,2.0,1.0,0.02,0.76034,0.8388,0.7516,0.8473,0.9011
1,2.0,1.0,0.05,0.75764,0.8416,0.7563,0.8478,0.9007
1,2.0,1.0,0.15,0.75813,0.8425,0.7624,0.8474,0.9001
1,2.0,1.5,0.0,0.79736,0.8067,0.7259,0.8228,0.9187
1,2.0,1.5,0.02,0.76184,0.8199,0.7360,0.8225,0.9182
1,2.0,1.5,0.05,0.75817,0.8215,0.7378,0.8215,0.9177
1,2.0,1.5,0.15,0.75810,0.8171,0.7371,0.8157,0.9152
1,2.0,2.0,0.0,0.82627,0.7799,0.7038,0.7962,0.8858
1,2.0,2.0,0.02,0.77549,0.7946,0.7011,0.7894,0.8814
1,2.0,2.0,0.05,0.77208,0.7915,0.6946,0.7823,0.8645
1,2.0,2.0,0.15,0.77388,0.7763,0.6805,0.7616,0.8583
1,2.0,2.5,0.0,0.86491,0.7534,0.6791,0.7673,0.8571
1,2.0,2.5,0.02,0.79886,0.7612,0.6448,0.7416,0.8525
1,2.0,2.5,0.05,0.79720,0.7488,0.6268,0.7208,0.8447
1,2.0,2.5,0.15,0.80346,0.7193,0.5995,0.6784,0.8258
1,2.0,3.0,0.0,0.91081,0.7283,0.6531,0.7377,0.8412
1,2.0,3.0,0.02,0.83088,0.7158,0.5698,0.6739,0.8270
1,2.0,3.0,0.05,0.83261,0.6930,0.5434,0.6367,0.8120
1,2.0,3.0,0.15,0.84593,0.6523,0.5099,0.5755,0.7842
1,3.0,1.0,0.0,0.76296,0.8545,0.7635,0.8605,0.9135
1,3.0,1.0,0.02,0.75104,0.8574,0.7718,0.8622,0.9140
1,3.0,1.0,0.05,0.74977,0.8582,0.7759,0.8623,0.9141
1,3.0,1.0,0.15,0.75216,0.8565,0.7802,0.8611,0.9125
1,3.0,1.5,0.0,0.77238,0.8309,0.7520,0.8403,0.9227
1,3.0,1.5,0.02,0.75043,0.8385,0.7616,0.8413,0.9226
1,3.0,1.5,0.05,0.74840,0.8382,0.7622,0.8405,0.9227
1,3.0,1.5,0.15,0.75049,0.8312,0.7582,0.8347,0.9186
1,3.0,2.0,0.0,0.79621,0.8032,0.7332,0.8170,0.8970
1,3.0,2.0,0.02,0.76224,0.8123,0.7298,0.8134,0.8966
1,3.0,2.0,0.05,0.76068,0.8074,0.7206,0.8070,0.8888
1,3.0,2.0,0.15,0.76491,0.7901,0.7023,0.7865,0.8634
1,3.0,2.5,0.0,0.83020,0.7755,0.7114,0.7911,0.8791
1,3.0,2.5,0.02,0.78408,0.7773,0.6726,0.7710,0.8567
1,3.0,2.5,0.05,0.78456,0.7637,0.6510,0.7507,0.8514
1,3.0,2.5,0.15,0.79370,0.7333,0.6191,0.7058,0.8345
1,3.0,3.0,0.0,0.87110,0.7491,0.6884,0.7638,0.8494
1,3.0,3.0,0.02,0.81494,0.7313,0.5954,0.7070,0.8302
1,3.0,3.0,0.05,0.81919,0.7080,0.5651,0.6673,0.8179
1,3.0,3.0,0.15,0.83599,0.6665,0.5273,0.6003,0.7861
1,4.0,1.0,0.0,0.75066,0.8700,0.7819,0.8716,0.9146
1,4.0,1.0,0.02,0.74373,0.8707,0.7878,0.8734,0.9149
1,4.0,1.0,0.05,0.74343,0.8703,0.7909,0.8734,0.9150
1,4.0,1.0,0.15,0.74723,0.8667,0.7931,0.8714,0.9148
1,4.0,1.5,0.0,0.75463,0.8511,0.7744,0.8542,0.9337
1,4.0,1.5,0.02,0.74059,0.8539,0.7821,0.8560,0.9330
1,4.0,1.5,0.05,0.73985,0.8519,0.7814,0.8552,0.9309
1,4.0,1.5,0.15,0.74374,0.8425,0.7744,0.8492,0.9276
1,4.0,2.0,0.0,0.77311,0.8240,0.7584,0.8338,0.9080
1,4.0,2.0,0.02,0.75064,0.8280,0.7528,0.8328,0.9063
1,4.0,2.0,0.05,0.75063,0.8212,0.7410,0.8268,0.9024
1,4.0,2.0,0.15,0.75696,0.8020,0.7193,0.8064,0.8839
1,4.0,2.5,0.0,0.80202,0.7959,0.7390,0.8110,0.8950
1,4.0,2.5,0.02,0.77112,0.7925,0.6955,0.7960,0.8802
1,4.0,2.5,0.05,0.77337,0.7777,0.6715,0.7760,0.8724
1,4.0,2.5,0.15,0.78500,0.7467,0.6369,0.7301,0.8407
1,4.0,3.0,0.0,0.83874,0.7691,0.7183,0.7865,0.8703
1,4.0,3.0,0.02,0.80103,0.7465,0.6175,0.7365,0.8365
1,4.0,3.0,0.05,0.80746,0.7231,0.5850,0.6956,0.8246
1,4.0,3.0,0.15,0.82747,0.6814,0.5443,0.6250,0.7911
1,6.0,1.0,0.0,0.73845,0.8818,0.8031,0.8848,0.9183
1,6.0,1.0,0.02,0.73613,0.8823,0.8059,0.8856,0.9182
1,6.0,1.0,0.05,0.73691,0.8815,0.8072,0.8855,0.9179
1,6.0,1.0,0.15,0.74248,0.8765,0.8061,0.8829,0.9175
1,6.0,1.5,0.0,0.73367,0.8737,0.8049,0.8729,0.9300
1,6.0,1.5,0.02,0.72788,0.8725,0.8086,0.8745,0.9295
1,6.0,1.5,0.05,0.72878,0.8683,0.8054,0.8732,0.9286
1,6.0,1.5,0.15,0.73510,0.8556,0.7942,0.8662,0.9257
1,6.0,2.0,0.0,0.74379,0.8530,0.7945,0.8565,0.9202
1,6.0,2.0,0.02,0.73399,0.8490,0.7838,0.8568,0.9173
1,6.0,2.0,0.05,0.73607,0.8395,0.7688,0.8508,0.9134
1,6.0,2.0,0.15,0.74535,0.8180,0.7432,0.8303,0.8951
1,6.0,2.5,0.0,0.76470,0.8266,0.7790,0.8383,0.9069
1,6.0,2.5,0.02,0.75123,0.8144,0.7282,0.8274,0.8944
1,6.0,2.5,0.05,0.75589,0.7982,0.7017,0.8076,0.8802
1,6.0,2.5,0.15,0.77102,0.7676,0.6656,0.7630,0.8605
1,6.0,3.0,0.0,0.79312,0.7998,0.7614,0.8189,0.8922
1,6.0,3.0,0.02,0.77791,0.7714,0.6535,0.7757,0.8629
1,6.0,3.0,0.05,0.78707,0.7488,0.6207,0.7367,0.8481
1,6.0,3.0,0.15,0.81150,0.7084,0.5789,0.6681,0.7880
1,8.0,1.0,0.0,0.73577,0.8833,0.8082,0.8902,0.9202
1,8.0,1.0,0.02,0.73520,0.8836,0.8093,0.8904,0.9202
1,8.0,1.0,0.05,0.73653,0.8830,0.8096,0.8900,0.9193
1,8.0,1.0,0.15,0.74308,0.8779,0.8073,0.8871,0.9173
1,8.0,1.5,0.0,0.72584,0.8813,0.8175,0.8821,0.9324
1,8.0,1.5,0.02,0.72341,0.8797,0.8187,0.8828,0.9325
1,8.0,1.5,0.05,0.72512,0.8749,0.8146,0.8814,0.9315
1,8.0,1.5,0.15,0.73279,0.8608,0.8019,0.8737,0.9273
1,8.0,2.0,0.0,0.72956,0.8664,0.8125,0.8683,0.9320
1,8.0,2.0,0.02,0.72536,0.8599,0.8006,0.8688,0.9299
1,8.0,2.0,0.05,0.72857,0.8490,0.7846,0.8628,0.9264
1,8.0,2.0,0.15,0.73952,0.8266,0.7577,0.8416,0.9059
1,8.0,2.5,0.0,0.74334,0.8435,0.8006,0.8521,0.9202
1,8.0,2.5,0.02,0.73833,0.8275,0.7507,0.8439,0.9053
1,8.0,2.5,0.05,0.74430,0.8108,0.7234,0.8242,0.8920
1,8.0,2.5,0.15,0.76131,0.7813,0.6872,0.7824,0.8651
1,8.0,3.0,0.0,0.76504,0.8174,0.7857,0.8355,0.9058
1,8.0,3.0,0.02,0.76096,0.7877,0.6814,0.7981,0.8750
1,8.0,3.0,0.05,0.77146,0.7665,0.6493,0.7625,0.8571
1,8.0,3.0,0.15,0.79789,0.7285,0.6079,0.6996,0.7970
